bin_names	abundances	samples	treatments
Otu001	499	F3D0	Early
Otu001	351	F3D1	Early
Otu001	388	F3D141	Late
Otu001	244	F3D142	Late
Otu001	189	F3D143	Late
Otu001	346	F3D144	Late
Otu001	566	F3D145	Late
Otu001	270	F3D146	Late
Otu001	1316	F3D147	Late
Otu001	750	F3D148	Late
Otu001	770	F3D149	Late
Otu001	265	F3D150	Late
Otu001	3076	F3D2	Early
Otu001	831	F3D3	Early
Otu001	278	F3D5	Early
Otu001	902	F3D6	Early
Otu001	576	F3D7	Early
Otu001	236	F3D8	Early
Otu001	435	F3D9	Early
Otu002	306	F3D0	Early
Otu002	311	F3D1	Early
Otu002	335	F3D141	Late
Otu002	258	F3D142	Late
Otu002	152	F3D143	Late
Otu002	243	F3D144	Late
Otu002	445	F3D145	Late
Otu002	204	F3D146	Late
Otu002	1107	F3D147	Late
Otu002	666	F3D148	Late
Otu002	701	F3D149	Late
Otu002	207	F3D150	Late
Otu002	1439	F3D2	Early
Otu002	543	F3D3	Early
Otu002	235	F3D5	Early
Otu002	608	F3D6	Early
Otu002	449	F3D7	Early
Otu002	309	F3D8	Early
Otu002	374	F3D9	Early
Otu003	394	F3D0	Early
Otu003	189	F3D1	Early
Otu003	301	F3D141	Late
Otu003	142	F3D142	Late
Otu003	173	F3D143	Late
Otu003	260	F3D144	Late
Otu003	461	F3D145	Late
Otu003	225	F3D146	Late
Otu003	819	F3D147	Late
Otu003	520	F3D148	Late
Otu003	650	F3D149	Late
Otu003	343	F3D150	Late
Otu003	1065	F3D2	Early
Otu003	400	F3D3	Early
Otu003	236	F3D5	Early
Otu003	507	F3D6	Early
Otu003	385	F3D7	Early
Otu003	295	F3D8	Early
Otu003	429	F3D9	Early
Otu004	403	F3D0	Early
Otu004	64	F3D1	Early
Otu004	482	F3D141	Late
Otu004	152	F3D142	Late
Otu004	207	F3D143	Late
Otu004	316	F3D144	Late
Otu004	527	F3D145	Late
Otu004	368	F3D146	Late
Otu004	1052	F3D147	Late
Otu004	830	F3D148	Late
Otu004	861	F3D149	Late
Otu004	436	F3D150	Late
Otu004	451	F3D2	Early
Otu004	187	F3D3	Early
Otu004	148	F3D5	Early
Otu004	381	F3D6	Early
Otu004	294	F3D7	Early
Otu004	128	F3D8	Early
Otu004	189	F3D9	Early
Otu005	632	F3D0	Early
Otu005	73	F3D1	Early
Otu005	425	F3D141	Late
Otu005	253	F3D142	Late
Otu005	308	F3D143	Late
Otu005	469	F3D144	Late
Otu005	665	F3D145	Late
Otu005	397	F3D146	Late
Otu005	1619	F3D147	Late
Otu005	1230	F3D148	Late
Otu005	879	F3D149	Late
Otu005	281	F3D150	Late
Otu005	148	F3D2	Early
Otu005	23	F3D3	Early
Otu005	20	F3D5	Early
Otu005	12	F3D6	Early
Otu005	9	F3D7	Early
Otu005	2	F3D8	Early
Otu005	5	F3D9	Early
Otu006	356	F3D0	Early
Otu006	117	F3D1	Early
Otu006	279	F3D141	Late
Otu006	193	F3D142	Late
Otu006	183	F3D143	Late
Otu006	282	F3D144	Late
Otu006	471	F3D145	Late
Otu006	257	F3D146	Late
Otu006	1051	F3D147	Late
Otu006	725	F3D148	Late
Otu006	651	F3D149	Late
Otu006	276	F3D150	Late
Otu006	410	F3D2	Early
Otu006	213	F3D3	Early
Otu006	137	F3D5	Early
Otu006	356	F3D6	Early
Otu006	235	F3D7	Early
Otu006	174	F3D8	Early
Otu006	255	F3D9	Early
Otu007	168	F3D0	Early
Otu007	127	F3D1	Early
Otu007	206	F3D141	Late
Otu007	201	F3D142	Late
Otu007	116	F3D143	Late
Otu007	132	F3D144	Late
Otu007	362	F3D145	Late
Otu007	193	F3D146	Late
Otu007	545	F3D147	Late
Otu007	499	F3D148	Late
Otu007	454	F3D149	Late
Otu007	182	F3D150	Late
Otu007	354	F3D2	Early
Otu007	448	F3D3	Early
Otu007	142	F3D5	Early
Otu007	501	F3D6	Early
Otu007	517	F3D7	Early
Otu007	547	F3D8	Early
Otu007	610	F3D9	Early
Otu008	164	F3D0	Early
Otu008	174	F3D1	Early
Otu008	331	F3D141	Late
Otu008	81	F3D142	Late
Otu008	92	F3D143	Late
Otu008	36	F3D144	Late
Otu008	127	F3D145	Late
Otu008	66	F3D146	Late
Otu008	89	F3D147	Late
Otu008	542	F3D148	Late
Otu008	542	F3D149	Late
Otu008	110	F3D150	Late
Otu008	1222	F3D2	Early
Otu008	398	F3D3	Early
Otu008	193	F3D5	Early
Otu008	250	F3D6	Early
Otu008	223	F3D7	Early
Otu008	278	F3D8	Early
Otu008	419	F3D9	Early
Otu009	136	F3D0	Early
Otu009	83	F3D1	Early
Otu009	119	F3D141	Late
Otu009	72	F3D142	Late
Otu009	62	F3D143	Late
Otu009	140	F3D144	Late
Otu009	217	F3D145	Late
Otu009	78	F3D146	Late
Otu009	240	F3D147	Late
Otu009	186	F3D148	Late
Otu009	257	F3D149	Late
Otu009	132	F3D150	Late
Otu009	572	F3D2	Early
Otu009	268	F3D3	Early
Otu009	191	F3D5	Early
Otu009	218	F3D6	Early
Otu009	251	F3D7	Early
Otu009	181	F3D8	Early
Otu009	203	F3D9	Early
Otu010	19	F3D0	Early
Otu010	111	F3D1	Early
Otu010	175	F3D141	Late
Otu010	43	F3D142	Late
Otu010	76	F3D143	Late
Otu010	256	F3D144	Late
Otu010	319	F3D145	Late
Otu010	185	F3D146	Late
Otu010	498	F3D147	Late
Otu010	419	F3D148	Late
Otu010	497	F3D149	Late
Otu010	57	F3D150	Late
Otu010	60	F3D2	Early
Otu010	175	F3D3	Early
Otu010	67	F3D5	Early
Otu010	48	F3D6	Early
Otu010	13	F3D7	Early
Otu010	15	F3D8	Early
Otu010	28	F3D9	Early
Otu011	27	F3D0	Early
Otu011	53	F3D1	Early
Otu011	111	F3D141	Late
Otu011	51	F3D142	Late
Otu011	70	F3D143	Late
Otu011	96	F3D144	Late
Otu011	131	F3D145	Late
Otu011	80	F3D146	Late
Otu011	526	F3D147	Late
Otu011	283	F3D148	Late
Otu011	290	F3D149	Late
Otu011	161	F3D150	Late
Otu011	306	F3D2	Early
Otu011	221	F3D3	Early
Otu011	115	F3D5	Early
Otu011	128	F3D6	Early
Otu011	117	F3D7	Early
Otu011	74	F3D8	Early
Otu011	97	F3D9	Early
Otu012	110	F3D0	Early
Otu012	35	F3D1	Early
Otu012	101	F3D141	Late
Otu012	81	F3D142	Late
Otu012	43	F3D143	Late
Otu012	84	F3D144	Late
Otu012	188	F3D145	Late
Otu012	71	F3D146	Late
Otu012	476	F3D147	Late
Otu012	239	F3D148	Late
Otu012	159	F3D149	Late
Otu012	71	F3D150	Late
Otu012	143	F3D2	Early
Otu012	65	F3D3	Early
Otu012	66	F3D5	Early
Otu012	59	F3D6	Early
Otu012	43	F3D7	Early
Otu012	18	F3D8	Early
Otu012	22	F3D9	Early
Otu013	52	F3D0	Early
Otu013	115	F3D1	Early
Otu013	8	F3D141	Late
Otu013	96	F3D142	Late
Otu013	37	F3D143	Late
Otu013	13	F3D144	Late
Otu013	18	F3D145	Late
Otu013	4	F3D146	Late
Otu013	135	F3D147	Late
Otu013	17	F3D148	Late
Otu013	74	F3D149	Late
Otu013	55	F3D150	Late
Otu013	308	F3D2	Early
Otu013	84	F3D3	Early
Otu013	45	F3D5	Early
Otu013	392	F3D6	Early
Otu013	106	F3D7	Early
Otu013	129	F3D8	Early
Otu013	166	F3D9	Early
Otu014	104	F3D0	Early
Otu014	252	F3D1	Early
Otu014	13	F3D141	Late
Otu014	6	F3D142	Late
Otu014	2	F3D143	Late
Otu014	7	F3D144	Late
Otu014	8	F3D145	Late
Otu014	39	F3D146	Late
Otu014	22	F3D147	Late
Otu014	47	F3D148	Late
Otu014	39	F3D149	Late
Otu014	19	F3D150	Late
Otu014	550	F3D2	Early
Otu014	16	F3D3	Early
Otu014	83	F3D5	Early
Otu014	72	F3D6	Early
Otu014	25	F3D7	Early
Otu014	50	F3D8	Early
Otu014	98	F3D9	Early
Otu015	84	F3D0	Early
Otu015	287	F3D1	Early
Otu015	28	F3D141	Late
Otu015	8	F3D142	Late
Otu015	7	F3D143	Late
Otu015	10	F3D144	Late
Otu015	14	F3D145	Late
Otu015	22	F3D146	Late
Otu015	70	F3D147	Late
Otu015	43	F3D148	Late
Otu015	37	F3D149	Late
Otu015	18	F3D150	Late
Otu015	337	F3D2	Early
Otu015	47	F3D3	Early
Otu015	78	F3D5	Early
Otu015	54	F3D6	Early
Otu015	35	F3D7	Early
Otu015	43	F3D8	Early
Otu015	94	F3D9	Early
Otu016	78	F3D0	Early
Otu016	96	F3D141	Late
Otu016	45	F3D142	Late
Otu016	36	F3D143	Late
Otu016	100	F3D144	Late
Otu016	107	F3D145	Late
Otu016	35	F3D146	Late
Otu016	277	F3D147	Late
Otu016	248	F3D148	Late
Otu016	163	F3D149	Late
Otu016	30	F3D150	Late
Otu016	17	F3D2	Early
Otu016	22	F3D3	Early
Otu016	29	F3D5	Early
Otu016	2	F3D7	Early
Otu016	6	F3D8	Early
Otu017	35	F3D0	Early
Otu017	7	F3D1	Early
Otu017	60	F3D141	Late
Otu017	24	F3D142	Late
Otu017	26	F3D143	Late
Otu017	38	F3D144	Late
Otu017	81	F3D145	Late
Otu017	47	F3D146	Late
Otu017	358	F3D147	Late
Otu017	186	F3D148	Late
Otu017	155	F3D149	Late
Otu017	58	F3D150	Late
Otu017	32	F3D2	Early
Otu017	13	F3D3	Early
Otu017	12	F3D5	Early
Otu017	6	F3D6	Early
Otu017	7	F3D7	Early
Otu017	4	F3D8	Early
Otu017	8	F3D9	Early
Otu018	57	F3D0	Early
Otu018	90	F3D1	Early
Otu018	4	F3D141	Late
Otu018	5	F3D142	Late
Otu018	1	F3D143	Late
Otu018	5	F3D144	Late
Otu018	5	F3D145	Late
Otu018	3	F3D146	Late
Otu018	31	F3D147	Late
Otu018	44	F3D148	Late
Otu018	3	F3D149	Late
Otu018	4	F3D150	Late
Otu018	378	F3D2	Early
Otu018	328	F3D3	Early
Otu018	13	F3D5	Early
Otu018	66	F3D6	Early
Otu018	37	F3D7	Early
Otu018	18	F3D8	Early
Otu018	39	F3D9	Early
Otu019	61	F3D0	Early
Otu019	27	F3D1	Early
Otu019	37	F3D141	Late
Otu019	21	F3D142	Late
Otu019	15	F3D143	Late
Otu019	39	F3D144	Late
Otu019	81	F3D145	Late
Otu019	29	F3D146	Late
Otu019	117	F3D147	Late
Otu019	106	F3D148	Late
Otu019	99	F3D149	Late
Otu019	40	F3D150	Late
Otu019	173	F3D2	Early
Otu019	89	F3D3	Early
Otu019	40	F3D5	Early
Otu019	34	F3D6	Early
Otu019	15	F3D7	Early
Otu019	14	F3D8	Early
Otu019	33	F3D9	Early
Otu020	37	F3D0	Early
Otu020	53	F3D1	Early
Otu020	45	F3D141	Late
Otu020	4	F3D142	Late
Otu020	9	F3D143	Late
Otu020	39	F3D144	Late
Otu020	32	F3D145	Late
Otu020	18	F3D146	Late
Otu020	139	F3D147	Late
Otu020	105	F3D148	Late
Otu020	133	F3D149	Late
Otu020	19	F3D150	Late
Otu020	29	F3D2	Early
Otu020	115	F3D3	Early
Otu020	7	F3D5	Early
Otu020	26	F3D6	Early
Otu020	35	F3D7	Early
Otu020	108	F3D8	Early
Otu020	22	F3D9	Early
Otu021	285	F3D0	Early
Otu021	59	F3D1	Early
Otu021	48	F3D141	Late
Otu021	9	F3D142	Late
Otu021	8	F3D143	Late
Otu021	14	F3D144	Late
Otu021	11	F3D145	Late
Otu021	21	F3D146	Late
Otu021	58	F3D147	Late
Otu021	24	F3D148	Late
Otu021	41	F3D149	Late
Otu021	12	F3D150	Late
Otu021	148	F3D2	Early
Otu021	34	F3D3	Early
Otu021	38	F3D5	Early
Otu021	50	F3D6	Early
Otu021	13	F3D7	Early
Otu021	49	F3D8	Early
Otu021	37	F3D9	Early
Otu022	32	F3D0	Early
Otu022	14	F3D1	Early
Otu022	76	F3D141	Late
Otu022	28	F3D142	Late
Otu022	56	F3D143	Late
Otu022	13	F3D144	Late
Otu022	12	F3D145	Late
Otu022	68	F3D146	Late
Otu022	70	F3D147	Late
Otu022	87	F3D148	Late
Otu022	245	F3D149	Late
Otu022	128	F3D150	Late
Otu022	15	F3D2	Early
Otu022	1	F3D3	Early
Otu022	2	F3D5	Early
Otu022	5	F3D6	Early
Otu022	2	F3D7	Early
Otu022	6	F3D8	Early
Otu022	3	F3D9	Early
Otu023	59	F3D0	Early
Otu023	26	F3D1	Early
Otu023	11	F3D141	Late
Otu023	20	F3D142	Late
Otu023	18	F3D143	Late
Otu023	17	F3D144	Late
Otu023	18	F3D145	Late
Otu023	24	F3D146	Late
Otu023	42	F3D147	Late
Otu023	88	F3D148	Late
Otu023	32	F3D149	Late
Otu023	29	F3D150	Late
Otu023	82	F3D2	Early
Otu023	18	F3D3	Early
Otu023	116	F3D5	Early
Otu023	72	F3D6	Early
Otu023	32	F3D7	Early
Otu023	58	F3D8	Early
Otu023	79	F3D9	Early
Otu024	146	F3D0	Early
Otu024	56	F3D1	Early
Otu024	40	F3D141	Late
Otu024	7	F3D142	Late
Otu024	12	F3D143	Late
Otu024	22	F3D144	Late
Otu024	11	F3D145	Late
Otu024	21	F3D146	Late
Otu024	22	F3D147	Late
Otu024	24	F3D148	Late
Otu024	59	F3D149	Late
Otu024	22	F3D150	Late
Otu024	106	F3D2	Early
Otu024	19	F3D3	Early
Otu024	32	F3D5	Early
Otu024	52	F3D6	Early
Otu024	12	F3D7	Early
Otu024	53	F3D8	Early
Otu024	45	F3D9	Early
Otu025	64	F3D0	Early
Otu025	60	F3D1	Early
Otu025	6	F3D141	Late
Otu025	4	F3D142	Late
Otu025	3	F3D143	Late
Otu025	3	F3D144	Late
Otu025	5	F3D145	Late
Otu025	19	F3D146	Late
Otu025	5	F3D147	Late
Otu025	10	F3D148	Late
Otu025	8	F3D149	Late
Otu025	6	F3D150	Late
Otu025	308	F3D2	Early
Otu025	35	F3D3	Early
Otu025	47	F3D5	Early
Otu025	57	F3D6	Early
Otu025	10	F3D7	Early
Otu025	51	F3D8	Early
Otu025	37	F3D9	Early
Otu026	67	F3D0	Early
Otu026	94	F3D1	Early
Otu026	2	F3D141	Late
Otu026	3	F3D142	Late
Otu026	1	F3D143	Late
Otu026	3	F3D144	Late
Otu026	5	F3D145	Late
Otu026	35	F3D146	Late
Otu026	33	F3D147	Late
Otu026	8	F3D148	Late
Otu026	6	F3D149	Late
Otu026	5	F3D150	Late
Otu026	185	F3D2	Early
Otu026	10	F3D3	Early
Otu026	43	F3D5	Early
Otu026	101	F3D6	Early
Otu026	45	F3D7	Early
Otu026	35	F3D8	Early
Otu026	50	F3D9	Early
Otu027	24	F3D0	Early
Otu027	6	F3D1	Early
Otu027	47	F3D141	Late
Otu027	11	F3D142	Late
Otu027	1	F3D143	Late
Otu027	9	F3D144	Late
Otu027	14	F3D145	Late
Otu027	13	F3D146	Late
Otu027	87	F3D147	Late
Otu027	143	F3D148	Late
Otu027	88	F3D149	Late
Otu027	42	F3D150	Late
Otu027	27	F3D2	Early
Otu027	18	F3D3	Early
Otu027	20	F3D5	Early
Otu027	23	F3D6	Early
Otu027	38	F3D7	Early
Otu027	19	F3D8	Early
Otu027	27	F3D9	Early
Otu028	39	F3D0	Early
Otu028	138	F3D1	Early
Otu028	31	F3D141	Late
Otu028	4	F3D142	Late
Otu028	4	F3D143	Late
Otu028	9	F3D144	Late
Otu028	10	F3D145	Late
Otu028	30	F3D146	Late
Otu028	12	F3D147	Late
Otu028	20	F3D148	Late
Otu028	34	F3D149	Late
Otu028	15	F3D150	Late
Otu028	98	F3D2	Early
Otu028	8	F3D3	Early
Otu028	44	F3D5	Early
Otu028	20	F3D6	Early
Otu028	6	F3D7	Early
Otu028	48	F3D8	Early
Otu028	82	F3D9	Early
Otu029	33	F3D0	Early
Otu029	132	F3D1	Early
Otu029	1	F3D142	Late
Otu029	1	F3D144	Late
Otu029	2	F3D146	Late
Otu029	1	F3D149	Late
Otu029	2	F3D150	Late
Otu029	226	F3D2	Early
Otu029	5	F3D3	Early
Otu029	13	F3D5	Early
Otu029	21	F3D6	Early
Otu029	17	F3D7	Early
Otu029	96	F3D8	Early
Otu029	87	F3D9	Early
Otu030	26	F3D0	Early
Otu030	44	F3D1	Early
Otu030	6	F3D141	Late
Otu030	4	F3D142	Late
Otu030	11	F3D143	Late
Otu030	14	F3D144	Late
Otu030	11	F3D145	Late
Otu030	33	F3D146	Late
Otu030	23	F3D147	Late
Otu030	12	F3D148	Late
Otu030	39	F3D149	Late
Otu030	25	F3D150	Late
Otu030	135	F3D2	Early
Otu030	16	F3D3	Early
Otu030	40	F3D5	Early
Otu030	45	F3D6	Early
Otu030	11	F3D7	Early
Otu030	40	F3D8	Early
Otu030	60	F3D9	Early
Otu031	24	F3D0	Early
Otu031	26	F3D1	Early
Otu031	54	F3D141	Late
Otu031	10	F3D142	Late
Otu031	22	F3D143	Late
Otu031	8	F3D144	Late
Otu031	18	F3D145	Late
Otu031	22	F3D146	Late
Otu031	43	F3D147	Late
Otu031	42	F3D148	Late
Otu031	134	F3D149	Late
Otu031	76	F3D150	Late
Otu031	39	F3D2	Early
Otu031	9	F3D3	Early
Otu031	22	F3D6	Early
Otu031	4	F3D7	Early
Otu031	7	F3D8	Early
Otu031	14	F3D9	Early
Otu032	49	F3D0	Early
Otu032	48	F3D1	Early
Otu032	3	F3D141	Late
Otu032	14	F3D142	Late
Otu032	12	F3D143	Late
Otu032	13	F3D144	Late
Otu032	9	F3D145	Late
Otu032	38	F3D146	Late
Otu032	49	F3D147	Late
Otu032	19	F3D148	Late
Otu032	21	F3D149	Late
Otu032	12	F3D150	Late
Otu032	104	F3D2	Early
Otu032	12	F3D3	Early
Otu032	24	F3D5	Early
Otu032	21	F3D6	Early
Otu032	9	F3D7	Early
Otu032	31	F3D8	Early
Otu032	50	F3D9	Early
Otu033	73	F3D0	Early
Otu033	62	F3D1	Early
Otu033	21	F3D141	Late
Otu033	6	F3D142	Late
Otu033	11	F3D143	Late
Otu033	15	F3D144	Late
Otu033	12	F3D145	Late
Otu033	19	F3D146	Late
Otu033	10	F3D147	Late
Otu033	8	F3D148	Late
Otu033	38	F3D149	Late
Otu033	26	F3D150	Late
Otu033	72	F3D2	Early
Otu033	6	F3D3	Early
Otu033	36	F3D5	Early
Otu033	44	F3D6	Early
Otu033	8	F3D7	Early
Otu033	28	F3D8	Early
Otu033	39	F3D9	Early
Otu034	35	F3D0	Early
Otu034	45	F3D1	Early
Otu034	3	F3D141	Late
Otu034	4	F3D142	Late
Otu034	1	F3D143	Late
Otu034	1	F3D144	Late
Otu034	5	F3D146	Late
Otu034	20	F3D147	Late
Otu034	5	F3D148	Late
Otu034	11	F3D149	Late
Otu034	5	F3D150	Late
Otu034	136	F3D2	Early
Otu034	11	F3D3	Early
Otu034	41	F3D5	Early
Otu034	46	F3D6	Early
Otu034	13	F3D7	Early
Otu034	50	F3D8	Early
Otu034	95	F3D9	Early
Otu035	52	F3D0	Early
Otu035	47	F3D1	Early
Otu035	7	F3D141	Late
Otu035	11	F3D142	Late
Otu035	8	F3D143	Late
Otu035	8	F3D144	Late
Otu035	13	F3D145	Late
Otu035	13	F3D146	Late
Otu035	41	F3D147	Late
Otu035	11	F3D148	Late
Otu035	31	F3D149	Late
Otu035	23	F3D150	Late
Otu035	71	F3D2	Early
Otu035	11	F3D3	Early
Otu035	29	F3D5	Early
Otu035	49	F3D6	Early
Otu035	18	F3D7	Early
Otu035	28	F3D8	Early
Otu035	53	F3D9	Early
Otu036	62	F3D0	Early
Otu036	49	F3D1	Early
Otu036	9	F3D141	Late
Otu036	5	F3D142	Late
Otu036	4	F3D143	Late
Otu036	3	F3D144	Late
Otu036	8	F3D145	Late
Otu036	13	F3D146	Late
Otu036	13	F3D147	Late
Otu036	14	F3D148	Late
Otu036	52	F3D149	Late
Otu036	16	F3D150	Late
Otu036	150	F3D2	Early
Otu036	10	F3D3	Early
Otu036	8	F3D5	Early
Otu036	26	F3D6	Early
Otu036	8	F3D7	Early
Otu036	41	F3D8	Early
Otu036	23	F3D9	Early
Otu037	57	F3D0	Early
Otu037	42	F3D1	Early
Otu037	6	F3D141	Late
Otu037	3	F3D142	Late
Otu037	4	F3D143	Late
Otu037	3	F3D144	Late
Otu037	1	F3D145	Late
Otu037	4	F3D146	Late
Otu037	18	F3D147	Late
Otu037	12	F3D148	Late
Otu037	7	F3D149	Late
Otu037	3	F3D150	Late
Otu037	189	F3D2	Early
Otu037	5	F3D3	Early
Otu037	53	F3D5	Early
Otu037	10	F3D6	Early
Otu037	5	F3D7	Early
Otu037	33	F3D8	Early
Otu037	34	F3D9	Early
Otu038	27	F3D0	Early
Otu038	27	F3D1	Early
Otu038	41	F3D141	Late
Otu038	4	F3D142	Late
Otu038	32	F3D143	Late
Otu038	2	F3D144	Late
Otu038	12	F3D145	Late
Otu038	27	F3D146	Late
Otu038	19	F3D147	Late
Otu038	49	F3D148	Late
Otu038	54	F3D149	Late
Otu038	34	F3D150	Late
Otu038	36	F3D2	Early
Otu038	4	F3D3	Early
Otu038	18	F3D5	Early
Otu038	22	F3D6	Early
Otu038	7	F3D7	Early
Otu038	23	F3D8	Early
Otu038	31	F3D9	Early
Otu039	6	F3D0	Early
Otu039	11	F3D1	Early
Otu039	22	F3D141	Late
Otu039	1	F3D142	Late
Otu039	9	F3D143	Late
Otu039	11	F3D144	Late
Otu039	9	F3D145	Late
Otu039	10	F3D146	Late
Otu039	41	F3D147	Late
Otu039	17	F3D148	Late
Otu039	57	F3D149	Late
Otu039	42	F3D150	Late
Otu039	87	F3D2	Early
Otu039	15	F3D3	Early
Otu039	34	F3D5	Early
Otu039	30	F3D6	Early
Otu039	9	F3D7	Early
Otu039	24	F3D8	Early
Otu039	30	F3D9	Early
Otu040	26	F3D0	Early
Otu040	28	F3D1	Early
Otu040	22	F3D141	Late
Otu040	9	F3D142	Late
Otu040	14	F3D143	Late
Otu040	4	F3D144	Late
Otu040	5	F3D145	Late
Otu040	29	F3D146	Late
Otu040	37	F3D147	Late
Otu040	45	F3D148	Late
Otu040	80	F3D149	Late
Otu040	26	F3D150	Late
Otu040	37	F3D2	Early
Otu040	5	F3D3	Early
Otu040	10	F3D5	Early
Otu040	29	F3D6	Early
Otu040	11	F3D7	Early
Otu040	5	F3D8	Early
Otu040	14	F3D9	Early
Otu041	43	F3D0	Early
Otu041	38	F3D1	Early
Otu041	11	F3D141	Late
Otu041	5	F3D142	Late
Otu041	5	F3D143	Late
Otu041	3	F3D144	Late
Otu041	4	F3D145	Late
Otu041	16	F3D146	Late
Otu041	21	F3D147	Late
Otu041	10	F3D148	Late
Otu041	19	F3D149	Late
Otu041	12	F3D150	Late
Otu041	68	F3D2	Early
Otu041	7	F3D3	Early
Otu041	17	F3D5	Early
Otu041	55	F3D6	Early
Otu041	7	F3D7	Early
Otu041	41	F3D8	Early
Otu041	53	F3D9	Early
Otu042	14	F3D0	Early
Otu042	59	F3D1	Early
Otu042	2	F3D141	Late
Otu042	4	F3D142	Late
Otu042	4	F3D143	Late
Otu042	4	F3D144	Late
Otu042	4	F3D145	Late
Otu042	15	F3D146	Late
Otu042	5	F3D147	Late
Otu042	5	F3D148	Late
Otu042	13	F3D149	Late
Otu042	5	F3D150	Late
Otu042	112	F3D2	Early
Otu042	5	F3D3	Early
Otu042	32	F3D5	Early
Otu042	42	F3D6	Early
Otu042	4	F3D7	Early
Otu042	29	F3D8	Early
Otu042	62	F3D9	Early
Otu043	63	F3D0	Early
Otu043	45	F3D1	Early
Otu043	8	F3D141	Late
Otu043	2	F3D142	Late
Otu043	6	F3D143	Late
Otu043	6	F3D144	Late
Otu043	6	F3D145	Late
Otu043	6	F3D146	Late
Otu043	23	F3D147	Late
Otu043	21	F3D148	Late
Otu043	26	F3D149	Late
Otu043	13	F3D150	Late
Otu043	78	F3D2	Early
Otu043	9	F3D3	Early
Otu043	27	F3D5	Early
Otu043	27	F3D6	Early
Otu043	7	F3D7	Early
Otu043	16	F3D8	Early
Otu043	18	F3D9	Early
Otu044	2	F3D0	Early
Otu044	3	F3D1	Early
Otu044	54	F3D141	Late
Otu044	10	F3D142	Late
Otu044	34	F3D143	Late
Otu044	32	F3D144	Late
Otu044	40	F3D145	Late
Otu044	89	F3D146	Late
Otu044	37	F3D147	Late
Otu044	9	F3D148	Late
Otu044	3	F3D149	Late
Otu044	2	F3D2	Early
Otu044	3	F3D3	Early
Otu044	2	F3D5	Early
Otu044	14	F3D6	Early
Otu044	2	F3D7	Early
Otu044	24	F3D8	Early
Otu044	37	F3D9	Early
Otu045	16	F3D0	Early
Otu045	20	F3D1	Early
Otu045	11	F3D141	Late
Otu045	6	F3D142	Late
Otu045	11	F3D143	Late
Otu045	2	F3D144	Late
Otu045	7	F3D145	Late
Otu045	20	F3D146	Late
Otu045	32	F3D147	Late
Otu045	23	F3D148	Late
Otu045	36	F3D149	Late
Otu045	38	F3D150	Late
Otu045	74	F3D2	Early
Otu045	7	F3D3	Early
Otu045	17	F3D5	Early
Otu045	20	F3D6	Early
Otu045	7	F3D7	Early
Otu045	21	F3D8	Early
Otu045	27	F3D9	Early
Otu046	10	F3D0	Early
Otu046	21	F3D1	Early
Otu046	7	F3D141	Late
Otu046	1	F3D142	Late
Otu046	2	F3D143	Late
Otu046	4	F3D144	Late
Otu046	5	F3D145	Late
Otu046	6	F3D146	Late
Otu046	8	F3D147	Late
Otu046	9	F3D148	Late
Otu046	19	F3D149	Late
Otu046	6	F3D150	Late
Otu046	71	F3D2	Early
Otu046	15	F3D3	Early
Otu046	33	F3D5	Early
Otu046	36	F3D6	Early
Otu046	28	F3D7	Early
Otu046	37	F3D8	Early
Otu046	52	F3D9	Early
Otu047	24	F3D0	Early
Otu047	61	F3D1	Early
Otu047	1	F3D142	Late
Otu047	1	F3D148	Late
Otu047	77	F3D2	Early
Otu047	12	F3D3	Early
Otu047	32	F3D5	Early
Otu047	43	F3D6	Early
Otu047	18	F3D7	Early
Otu047	30	F3D8	Early
Otu047	48	F3D9	Early
Otu048	8	F3D0	Early
Otu048	20	F3D1	Early
Otu048	19	F3D141	Late
Otu048	2	F3D142	Late
Otu048	12	F3D143	Late
Otu048	3	F3D144	Late
Otu048	5	F3D145	Late
Otu048	12	F3D146	Late
Otu048	45	F3D147	Late
Otu048	29	F3D148	Late
Otu048	57	F3D149	Late
Otu048	19	F3D150	Late
Otu048	63	F3D2	Early
Otu048	3	F3D3	Early
Otu048	6	F3D5	Early
Otu048	7	F3D6	Early
Otu048	7	F3D7	Early
Otu048	10	F3D8	Early
Otu048	16	F3D9	Early
Otu049	31	F3D0	Early
Otu049	41	F3D1	Early
Otu049	2	F3D141	Late
Otu049	2	F3D142	Late
Otu049	2	F3D143	Late
Otu049	1	F3D145	Late
Otu049	4	F3D146	Late
Otu049	9	F3D147	Late
Otu049	5	F3D148	Late
Otu049	6	F3D149	Late
Otu049	2	F3D150	Late
Otu049	136	F3D2	Early
Otu049	3	F3D3	Early
Otu049	9	F3D5	Early
Otu049	40	F3D6	Early
Otu049	11	F3D7	Early
Otu049	10	F3D8	Early
Otu049	22	F3D9	Early
Otu050	42	F3D0	Early
Otu050	58	F3D1	Early
Otu050	15	F3D141	Late
Otu050	2	F3D142	Late
Otu050	3	F3D143	Late
Otu050	2	F3D144	Late
Otu050	15	F3D146	Late
Otu050	8	F3D147	Late
Otu050	11	F3D148	Late
Otu050	35	F3D149	Late
Otu050	23	F3D150	Late
Otu050	77	F3D2	Early
Otu050	24	F3D3	Early
Otu050	6	F3D5	Early
Otu050	5	F3D6	Early
Otu050	1	F3D7	Early
Otu050	8	F3D8	Early
Otu050	1	F3D9	Early
Otu051	5	F3D0	Early
Otu051	65	F3D1	Early
Otu051	7	F3D141	Late
Otu051	1	F3D143	Late
Otu051	1	F3D144	Late
Otu051	1	F3D145	Late
Otu051	10	F3D146	Late
Otu051	9	F3D147	Late
Otu051	13	F3D148	Late
Otu051	31	F3D149	Late
Otu051	14	F3D150	Late
Otu051	52	F3D2	Early
Otu051	9	F3D3	Early
Otu051	46	F3D5	Early
Otu051	23	F3D6	Early
Otu051	5	F3D7	Early
Otu051	16	F3D8	Early
Otu051	25	F3D9	Early
Otu052	47	F3D0	Early
Otu052	24	F3D1	Early
Otu052	4	F3D141	Late
Otu052	7	F3D142	Late
Otu052	8	F3D143	Late
Otu052	14	F3D144	Late
Otu052	8	F3D145	Late
Otu052	16	F3D146	Late
Otu052	28	F3D147	Late
Otu052	20	F3D148	Late
Otu052	32	F3D149	Late
Otu052	13	F3D150	Late
Otu052	36	F3D2	Early
Otu052	2	F3D3	Early
Otu052	17	F3D5	Early
Otu052	21	F3D6	Early
Otu052	4	F3D7	Early
Otu052	5	F3D8	Early
Otu052	16	F3D9	Early
Otu053	16	F3D0	Early
Otu053	31	F3D1	Early
Otu053	27	F3D141	Late
Otu053	2	F3D142	Late
Otu053	4	F3D143	Late
Otu053	3	F3D144	Late
Otu053	2	F3D145	Late
Otu053	13	F3D146	Late
Otu053	21	F3D147	Late
Otu053	19	F3D148	Late
Otu053	22	F3D149	Late
Otu053	12	F3D150	Late
Otu053	42	F3D2	Early
Otu053	9	F3D3	Early
Otu053	15	F3D5	Early
Otu053	20	F3D6	Early
Otu053	6	F3D7	Early
Otu053	20	F3D8	Early
Otu053	21	F3D9	Early
Otu054	3	F3D0	Early
Otu054	9	F3D1	Early
Otu054	5	F3D141	Late
Otu054	7	F3D142	Late
Otu054	7	F3D143	Late
Otu054	9	F3D144	Late
Otu054	18	F3D145	Late
Otu054	4	F3D146	Late
Otu054	29	F3D147	Late
Otu054	13	F3D148	Late
Otu054	8	F3D149	Late
Otu054	7	F3D150	Late
Otu054	51	F3D2	Early
Otu054	37	F3D3	Early
Otu054	6	F3D5	Early
Otu054	21	F3D6	Early
Otu054	26	F3D7	Early
Otu054	21	F3D8	Early
Otu054	22	F3D9	Early
Otu055	15	F3D141	Late
Otu055	8	F3D142	Late
Otu055	3	F3D143	Late
Otu055	17	F3D144	Late
Otu055	12	F3D145	Late
Otu055	34	F3D146	Late
Otu055	78	F3D147	Late
Otu055	56	F3D148	Late
Otu055	42	F3D149	Late
Otu055	37	F3D150	Late
Otu056	8	F3D0	Early
Otu056	18	F3D1	Early
Otu056	2	F3D141	Late
Otu056	2	F3D142	Late
Otu056	1	F3D144	Late
Otu056	1	F3D145	Late
Otu056	3	F3D146	Late
Otu056	16	F3D147	Late
Otu056	1	F3D148	Late
Otu056	1	F3D149	Late
Otu056	2	F3D150	Late
Otu056	38	F3D2	Early
Otu056	3	F3D3	Early
Otu056	18	F3D5	Early
Otu056	24	F3D6	Early
Otu056	18	F3D7	Early
Otu056	47	F3D8	Early
Otu056	97	F3D9	Early
Otu057	74	F3D0	Early
Otu057	40	F3D1	Early
Otu057	1	F3D142	Late
Otu057	3	F3D145	Late
Otu057	20	F3D147	Late
Otu057	1	F3D149	Late
Otu057	75	F3D2	Early
Otu057	12	F3D3	Early
Otu057	1	F3D5	Early
Otu057	6	F3D6	Early
Otu057	13	F3D7	Early
Otu057	9	F3D8	Early
Otu057	27	F3D9	Early
Otu058	30	F3D141	Late
Otu058	22	F3D142	Late
Otu058	21	F3D143	Late
Otu058	14	F3D144	Late
Otu058	15	F3D145	Late
Otu058	5	F3D146	Late
Otu058	49	F3D147	Late
Otu058	80	F3D148	Late
Otu058	32	F3D149	Late
Otu058	13	F3D150	Late
Otu059	4	F3D141	Late
Otu059	1	F3D142	Late
Otu059	4	F3D145	Late
Otu059	26	F3D146	Late
Otu059	19	F3D147	Late
Otu059	13	F3D148	Late
Otu059	10	F3D149	Late
Otu059	13	F3D150	Late
Otu059	2	F3D2	Early
Otu059	39	F3D5	Early
Otu059	27	F3D6	Early
Otu059	6	F3D7	Early
Otu059	42	F3D8	Early
Otu059	63	F3D9	Early
Otu060	12	F3D0	Early
Otu060	34	F3D1	Early
Otu060	4	F3D141	Late
Otu060	2	F3D142	Late
Otu060	3	F3D143	Late
Otu060	4	F3D144	Late
Otu060	8	F3D145	Late
Otu060	10	F3D146	Late
Otu060	3	F3D147	Late
Otu060	7	F3D148	Late
Otu060	12	F3D149	Late
Otu060	10	F3D150	Late
Otu060	72	F3D2	Early
Otu060	7	F3D3	Early
Otu060	8	F3D5	Early
Otu060	12	F3D6	Early
Otu060	2	F3D7	Early
Otu060	27	F3D8	Early
Otu060	26	F3D9	Early
Otu061	20	F3D0	Early
Otu061	17	F3D1	Early
Otu061	14	F3D141	Late
Otu061	2	F3D142	Late
Otu061	4	F3D143	Late
Otu061	2	F3D144	Late
Otu061	4	F3D145	Late
Otu061	14	F3D146	Late
Otu061	9	F3D147	Late
Otu061	17	F3D148	Late
Otu061	45	F3D149	Late
Otu061	23	F3D150	Late
Otu061	44	F3D2	Early
Otu061	5	F3D3	Early
Otu061	6	F3D5	Early
Otu061	8	F3D6	Early
Otu061	2	F3D7	Early
Otu061	10	F3D8	Early
Otu061	5	F3D9	Early
Otu062	4	F3D0	Early
Otu062	9	F3D1	Early
Otu062	15	F3D141	Late
Otu062	1	F3D142	Late
Otu062	13	F3D143	Late
Otu062	5	F3D144	Late
Otu062	4	F3D145	Late
Otu062	12	F3D146	Late
Otu062	5	F3D147	Late
Otu062	14	F3D148	Late
Otu062	60	F3D149	Late
Otu062	17	F3D150	Late
Otu062	29	F3D2	Early
Otu062	6	F3D3	Early
Otu062	7	F3D5	Early
Otu062	12	F3D6	Early
Otu062	6	F3D7	Early
Otu062	7	F3D8	Early
Otu062	11	F3D9	Early
Otu063	21	F3D0	Early
Otu063	15	F3D141	Late
Otu063	22	F3D142	Late
Otu063	8	F3D143	Late
Otu063	20	F3D144	Late
Otu063	5	F3D145	Late
Otu063	3	F3D146	Late
Otu063	23	F3D147	Late
Otu063	60	F3D148	Late
Otu063	23	F3D149	Late
Otu063	16	F3D150	Late
Otu063	4	F3D2	Early
Otu063	15	F3D3	Early
Otu064	18	F3D0	Early
Otu064	3	F3D1	Early
Otu064	5	F3D141	Late
Otu064	6	F3D142	Late
Otu064	3	F3D143	Late
Otu064	4	F3D144	Late
Otu064	12	F3D145	Late
Otu064	2	F3D146	Late
Otu064	26	F3D147	Late
Otu064	23	F3D148	Late
Otu064	9	F3D149	Late
Otu064	6	F3D150	Late
Otu064	54	F3D2	Early
Otu064	18	F3D3	Early
Otu064	10	F3D5	Early
Otu064	4	F3D6	Early
Otu064	10	F3D7	Early
Otu064	8	F3D8	Early
Otu064	13	F3D9	Early
Otu065	3	F3D0	Early
Otu065	2	F3D1	Early
Otu065	44	F3D141	Late
Otu065	4	F3D142	Late
Otu065	23	F3D143	Late
Otu065	2	F3D144	Late
Otu065	2	F3D145	Late
Otu065	10	F3D146	Late
Otu065	11	F3D147	Late
Otu065	16	F3D148	Late
Otu065	72	F3D149	Late
Otu065	34	F3D150	Late
Otu065	3	F3D2	Early
Otu065	1	F3D5	Early
Otu065	1	F3D6	Early
Otu065	1	F3D8	Early
Otu066	6	F3D0	Early
Otu066	4	F3D1	Early
Otu066	23	F3D141	Late
Otu066	5	F3D142	Late
Otu066	16	F3D143	Late
Otu066	3	F3D144	Late
Otu066	9	F3D145	Late
Otu066	11	F3D146	Late
Otu066	8	F3D147	Late
Otu066	25	F3D148	Late
Otu066	50	F3D149	Late
Otu066	36	F3D150	Late
Otu066	9	F3D2	Early
Otu066	1	F3D3	Early
Otu066	8	F3D5	Early
Otu066	5	F3D6	Early
Otu066	1	F3D7	Early
Otu066	2	F3D8	Early
Otu066	6	F3D9	Early
Otu067	9	F3D0	Early
Otu067	15	F3D1	Early
Otu067	5	F3D142	Late
Otu067	1	F3D143	Late
Otu067	2	F3D144	Late
Otu067	6	F3D145	Late
Otu067	16	F3D146	Late
Otu067	11	F3D147	Late
Otu067	15	F3D148	Late
Otu067	20	F3D149	Late
Otu067	20	F3D150	Late
Otu067	46	F3D2	Early
Otu067	2	F3D3	Early
Otu067	9	F3D5	Early
Otu067	12	F3D6	Early
Otu067	3	F3D7	Early
Otu067	10	F3D8	Early
Otu067	14	F3D9	Early
Otu068	5	F3D0	Early
Otu068	12	F3D1	Early
Otu068	1	F3D141	Late
Otu068	1	F3D142	Late
Otu068	1	F3D143	Late
Otu068	1	F3D144	Late
Otu068	3	F3D145	Late
Otu068	7	F3D146	Late
Otu068	6	F3D147	Late
Otu068	2	F3D148	Late
Otu068	8	F3D149	Late
Otu068	4	F3D150	Late
Otu068	19	F3D2	Early
Otu068	21	F3D3	Early
Otu068	12	F3D5	Early
Otu068	26	F3D6	Early
Otu068	11	F3D7	Early
Otu068	31	F3D8	Early
Otu068	44	F3D9	Early
Otu069	23	F3D0	Early
Otu069	3	F3D1	Early
Otu069	16	F3D141	Late
Otu069	4	F3D143	Late
Otu069	1	F3D144	Late
Otu069	7	F3D145	Late
Otu069	5	F3D146	Late
Otu069	12	F3D147	Late
Otu069	16	F3D148	Late
Otu069	13	F3D149	Late
Otu069	3	F3D150	Late
Otu069	34	F3D2	Early
Otu069	17	F3D3	Early
Otu069	11	F3D5	Early
Otu069	7	F3D6	Early
Otu069	18	F3D7	Early
Otu069	8	F3D8	Early
Otu069	17	F3D9	Early
Otu070	37	F3D0	Early
Otu070	33	F3D1	Early
Otu070	5	F3D141	Late
Otu070	1	F3D145	Late
Otu070	4	F3D146	Late
Otu070	7	F3D147	Late
Otu070	6	F3D148	Late
Otu070	17	F3D149	Late
Otu070	87	F3D2	Early
Otu070	10	F3D3	Early
Otu070	2	F3D6	Early
Otu070	1	F3D7	Early
Otu070	2	F3D8	Early
Otu070	2	F3D9	Early
Otu071	11	F3D0	Early
Otu071	9	F3D1	Early
Otu071	4	F3D141	Late
Otu071	2	F3D142	Late
Otu071	1	F3D143	Late
Otu071	2	F3D144	Late
Otu071	6	F3D145	Late
Otu071	5	F3D146	Late
Otu071	61	F3D147	Late
Otu071	14	F3D148	Late
Otu071	20	F3D149	Late
Otu071	3	F3D150	Late
Otu071	13	F3D2	Early
Otu071	1	F3D3	Early
Otu071	7	F3D5	Early
Otu071	36	F3D6	Early
Otu071	1	F3D7	Early
Otu071	6	F3D8	Early
Otu071	11	F3D9	Early
Otu072	1	F3D0	Early
Otu072	3	F3D1	Early
Otu072	26	F3D141	Late
Otu072	5	F3D142	Late
Otu072	7	F3D143	Late
Otu072	3	F3D144	Late
Otu072	4	F3D145	Late
Otu072	8	F3D146	Late
Otu072	24	F3D147	Late
Otu072	18	F3D148	Late
Otu072	62	F3D149	Late
Otu072	46	F3D150	Late
Otu072	1	F3D2	Early
Otu072	1	F3D6	Early
Otu072	1	F3D9	Early
Otu073	115	F3D0	Early
Otu073	4	F3D141	Late
Otu073	3	F3D142	Late
Otu073	2	F3D143	Late
Otu073	5	F3D144	Late
Otu073	10	F3D145	Late
Otu073	1	F3D146	Late
Otu073	17	F3D147	Late
Otu073	26	F3D148	Late
Otu073	11	F3D149	Late
Otu073	6	F3D150	Late
Otu073	1	F3D2	Early
Otu073	1	F3D5	Early
Otu073	1	F3D8	Early
Otu074	22	F3D0	Early
Otu074	9	F3D1	Early
Otu074	4	F3D141	Late
Otu074	2	F3D143	Late
Otu074	4	F3D144	Late
Otu074	7	F3D145	Late
Otu074	15	F3D146	Late
Otu074	8	F3D147	Late
Otu074	12	F3D148	Late
Otu074	21	F3D149	Late
Otu074	10	F3D150	Late
Otu074	19	F3D2	Early
Otu074	3	F3D5	Early
Otu074	17	F3D6	Early
Otu074	7	F3D7	Early
Otu074	14	F3D8	Early
Otu074	29	F3D9	Early
Otu075	24	F3D0	Early
Otu075	10	F3D1	Early
Otu075	3	F3D141	Late
Otu075	1	F3D142	Late
Otu075	4	F3D143	Late
Otu075	2	F3D144	Late
Otu075	1	F3D145	Late
Otu075	13	F3D146	Late
Otu075	8	F3D147	Late
Otu075	4	F3D148	Late
Otu075	3	F3D149	Late
Otu075	1	F3D150	Late
Otu075	38	F3D2	Early
Otu075	1	F3D3	Early
Otu075	11	F3D5	Early
Otu075	31	F3D6	Early
Otu075	5	F3D7	Early
Otu075	18	F3D8	Early
Otu075	22	F3D9	Early
Otu076	12	F3D0	Early
Otu076	2	F3D1	Early
Otu076	3	F3D141	Late
Otu076	1	F3D142	Late
Otu076	1	F3D143	Late
Otu076	5	F3D144	Late
Otu076	6	F3D145	Late
Otu076	8	F3D147	Late
Otu076	18	F3D148	Late
Otu076	17	F3D149	Late
Otu076	4	F3D150	Late
Otu076	26	F3D2	Early
Otu076	5	F3D3	Early
Otu076	21	F3D5	Early
Otu076	17	F3D6	Early
Otu076	9	F3D7	Early
Otu076	1	F3D8	Early
Otu076	33	F3D9	Early
Otu077	15	F3D1	Early
Otu077	5	F3D141	Late
Otu077	4	F3D142	Late
Otu077	1	F3D144	Late
Otu077	9	F3D145	Late
Otu077	16	F3D146	Late
Otu077	17	F3D147	Late
Otu077	10	F3D149	Late
Otu077	9	F3D150	Late
Otu077	33	F3D2	Early
Otu077	1	F3D3	Early
Otu077	9	F3D5	Early
Otu077	17	F3D6	Early
Otu077	5	F3D7	Early
Otu077	12	F3D8	Early
Otu077	18	F3D9	Early
Otu078	5	F3D0	Early
Otu078	14	F3D1	Early
Otu078	9	F3D141	Late
Otu078	2	F3D142	Late
Otu078	7	F3D143	Late
Otu078	2	F3D145	Late
Otu078	7	F3D146	Late
Otu078	32	F3D147	Late
Otu078	5	F3D148	Late
Otu078	16	F3D149	Late
Otu078	12	F3D150	Late
Otu078	10	F3D2	Early
Otu078	3	F3D3	Early
Otu078	7	F3D5	Early
Otu078	9	F3D6	Early
Otu078	4	F3D7	Early
Otu078	11	F3D8	Early
Otu078	10	F3D9	Early
Otu079	5	F3D0	Early
Otu079	9	F3D1	Early
Otu079	8	F3D141	Late
Otu079	6	F3D142	Late
Otu079	7	F3D143	Late
Otu079	4	F3D144	Late
Otu079	9	F3D145	Late
Otu079	1	F3D146	Late
Otu079	29	F3D147	Late
Otu079	17	F3D148	Late
Otu079	14	F3D149	Late
Otu079	5	F3D150	Late
Otu079	22	F3D2	Early
Otu079	4	F3D3	Early
Otu079	3	F3D5	Early
Otu079	8	F3D6	Early
Otu079	1	F3D7	Early
Otu079	5	F3D8	Early
Otu079	6	F3D9	Early
Otu080	1	F3D1	Early
Otu080	11	F3D141	Late
Otu080	1	F3D142	Late
Otu080	5	F3D143	Late
Otu080	6	F3D144	Late
Otu080	11	F3D145	Late
Otu080	13	F3D146	Late
Otu080	4	F3D147	Late
Otu080	18	F3D148	Late
Otu080	36	F3D149	Late
Otu080	16	F3D150	Late
Otu080	9	F3D2	Early
Otu080	5	F3D5	Early
Otu080	6	F3D6	Early
Otu080	3	F3D7	Early
Otu080	3	F3D8	Early
Otu080	6	F3D9	Early
Otu081	26	F3D1	Early
Otu081	3	F3D141	Late
Otu081	1	F3D142	Late
Otu081	3	F3D143	Late
Otu081	3	F3D145	Late
Otu081	3	F3D146	Late
Otu081	14	F3D147	Late
Otu081	11	F3D148	Late
Otu081	6	F3D149	Late
Otu081	2	F3D2	Early
Otu081	11	F3D3	Early
Otu081	15	F3D5	Early
Otu081	14	F3D6	Early
Otu081	14	F3D7	Early
Otu081	11	F3D8	Early
Otu081	8	F3D9	Early
Otu082	3	F3D0	Early
Otu082	3	F3D1	Early
Otu082	15	F3D141	Late
Otu082	2	F3D142	Late
Otu082	6	F3D143	Late
Otu082	5	F3D144	Late
Otu082	3	F3D145	Late
Otu082	12	F3D146	Late
Otu082	28	F3D147	Late
Otu082	12	F3D148	Late
Otu082	7	F3D149	Late
Otu082	8	F3D150	Late
Otu082	21	F3D2	Early
Otu082	2	F3D3	Early
Otu082	2	F3D5	Early
Otu082	5	F3D6	Early
Otu082	2	F3D7	Early
Otu082	5	F3D8	Early
Otu082	3	F3D9	Early
Otu083	18	F3D0	Early
Otu083	2	F3D1	Early
Otu083	11	F3D141	Late
Otu083	5	F3D142	Late
Otu083	5	F3D143	Late
Otu083	4	F3D144	Late
Otu083	9	F3D145	Late
Otu083	9	F3D146	Late
Otu083	5	F3D147	Late
Otu083	14	F3D148	Late
Otu083	21	F3D149	Late
Otu083	6	F3D150	Late
Otu083	5	F3D2	Early
Otu083	4	F3D3	Early
Otu083	4	F3D5	Early
Otu083	2	F3D6	Early
Otu083	5	F3D7	Early
Otu083	3	F3D8	Early
Otu083	12	F3D9	Early
Otu084	2	F3D0	Early
Otu084	7	F3D141	Late
Otu084	3	F3D142	Late
Otu084	6	F3D143	Late
Otu084	11	F3D144	Late
Otu084	8	F3D145	Late
Otu084	11	F3D146	Late
Otu084	5	F3D147	Late
Otu084	19	F3D148	Late
Otu084	39	F3D149	Late
Otu084	6	F3D150	Late
Otu084	8	F3D2	Early
Otu084	3	F3D5	Early
Otu084	7	F3D6	Early
Otu084	2	F3D8	Early
Otu084	4	F3D9	Early
Otu085	4	F3D0	Early
Otu085	40	F3D1	Early
Otu085	1	F3D141	Late
Otu085	1	F3D142	Late
Otu085	1	F3D144	Late
Otu085	1	F3D145	Late
Otu085	2	F3D146	Late
Otu085	6	F3D147	Late
Otu085	3	F3D148	Late
Otu085	2	F3D149	Late
Otu085	3	F3D150	Late
Otu085	47	F3D2	Early
Otu085	7	F3D3	Early
Otu085	2	F3D5	Early
Otu085	2	F3D6	Early
Otu085	1	F3D7	Early
Otu085	4	F3D8	Early
Otu085	7	F3D9	Early
Otu086	3	F3D1	Early
Otu086	9	F3D141	Late
Otu086	2	F3D142	Late
Otu086	8	F3D143	Late
Otu086	4	F3D145	Late
Otu086	7	F3D146	Late
Otu086	6	F3D147	Late
Otu086	7	F3D148	Late
Otu086	24	F3D149	Late
Otu086	11	F3D150	Late
Otu086	11	F3D2	Early
Otu086	11	F3D3	Early
Otu086	5	F3D5	Early
Otu086	10	F3D6	Early
Otu086	5	F3D7	Early
Otu086	3	F3D8	Early
Otu086	7	F3D9	Early
Otu087	16	F3D0	Early
Otu087	8	F3D1	Early
Otu087	2	F3D141	Late
Otu087	1	F3D142	Late
Otu087	2	F3D144	Late
Otu087	1	F3D145	Late
Otu087	11	F3D146	Late
Otu087	10	F3D147	Late
Otu087	10	F3D148	Late
Otu087	11	F3D149	Late
Otu087	7	F3D150	Late
Otu087	14	F3D2	Early
Otu087	5	F3D5	Early
Otu087	14	F3D6	Early
Otu087	1	F3D7	Early
Otu087	10	F3D8	Early
Otu087	10	F3D9	Early
Otu088	4	F3D1	Early
Otu088	9	F3D141	Late
Otu088	1	F3D142	Late
Otu088	3	F3D143	Late
Otu088	3	F3D144	Late
Otu088	5	F3D145	Late
Otu088	12	F3D146	Late
Otu088	10	F3D147	Late
Otu088	9	F3D148	Late
Otu088	22	F3D149	Late
Otu088	11	F3D150	Late
Otu088	14	F3D2	Early
Otu088	4	F3D3	Early
Otu088	5	F3D5	Early
Otu088	5	F3D6	Early
Otu088	1	F3D7	Early
Otu088	7	F3D8	Early
Otu088	6	F3D9	Early
Otu089	3	F3D0	Early
Otu089	5	F3D1	Early
Otu089	3	F3D142	Late
Otu089	1	F3D143	Late
Otu089	1	F3D144	Late
Otu089	2	F3D145	Late
Otu089	16	F3D146	Late
Otu089	20	F3D147	Late
Otu089	6	F3D148	Late
Otu089	9	F3D149	Late
Otu089	11	F3D150	Late
Otu089	10	F3D2	Early
Otu089	6	F3D5	Early
Otu089	10	F3D6	Early
Otu089	8	F3D8	Early
Otu089	5	F3D9	Early
Otu090	3	F3D0	Early
Otu090	4	F3D1	Early
Otu090	2	F3D141	Late
Otu090	1	F3D142	Late
Otu090	1	F3D143	Late
Otu090	1	F3D144	Late
Otu090	1	F3D146	Late
Otu090	5	F3D147	Late
Otu090	1	F3D148	Late
Otu090	7	F3D149	Late
Otu090	2	F3D150	Late
Otu090	35	F3D2	Early
Otu090	19	F3D3	Early
Otu090	15	F3D5	Early
Otu090	9	F3D6	Early
Otu090	3	F3D7	Early
Otu090	2	F3D8	Early
Otu090	2	F3D9	Early
Otu091	16	F3D0	Early
Otu091	2	F3D1	Early
Otu091	1	F3D141	Late
Otu091	2	F3D142	Late
Otu091	2	F3D145	Late
Otu091	8	F3D146	Late
Otu091	2	F3D147	Late
Otu091	2	F3D148	Late
Otu091	5	F3D149	Late
Otu091	4	F3D150	Late
Otu091	15	F3D2	Early
Otu091	2	F3D5	Early
Otu091	17	F3D6	Early
Otu091	3	F3D7	Early
Otu091	10	F3D8	Early
Otu091	17	F3D9	Early
Otu092	23	F3D0	Early
Otu092	14	F3D1	Early
Otu092	1	F3D146	Late
Otu092	1	F3D148	Late
Otu092	25	F3D2	Early
Otu092	9	F3D3	Early
Otu092	1	F3D5	Early
Otu092	12	F3D6	Early
Otu092	5	F3D7	Early
Otu092	8	F3D8	Early
Otu092	9	F3D9	Early
Otu093	6	F3D0	Early
Otu093	6	F3D1	Early
Otu093	3	F3D141	Late
Otu093	2	F3D142	Late
Otu093	1	F3D144	Late
Otu093	3	F3D145	Late
Otu093	6	F3D147	Late
Otu093	6	F3D148	Late
Otu093	7	F3D149	Late
Otu093	1	F3D150	Late
Otu093	34	F3D2	Early
Otu093	8	F3D3	Early
Otu093	1	F3D5	Early
Otu093	1	F3D6	Early
Otu093	2	F3D7	Early
Otu093	7	F3D8	Early
Otu093	10	F3D9	Early
Otu094	2	F3D0	Early
Otu094	8	F3D1	Early
Otu094	1	F3D141	Late
Otu094	1	F3D146	Late
Otu094	1	F3D149	Late
Otu094	24	F3D2	Early
Otu094	5	F3D3	Early
Otu094	8	F3D5	Early
Otu094	29	F3D6	Early
Otu094	7	F3D7	Early
Otu094	11	F3D8	Early
Otu094	7	F3D9	Early
Otu095	10	F3D0	Early
Otu095	5	F3D1	Early
Otu095	3	F3D141	Late
Otu095	1	F3D143	Late
Otu095	2	F3D144	Late
Otu095	2	F3D145	Late
Otu095	2	F3D146	Late
Otu095	11	F3D147	Late
Otu095	6	F3D148	Late
Otu095	8	F3D149	Late
Otu095	8	F3D150	Late
Otu095	12	F3D2	Early
Otu095	2	F3D3	Early
Otu095	6	F3D5	Early
Otu095	8	F3D6	Early
Otu095	8	F3D8	Early
Otu095	7	F3D9	Early
Otu096	32	F3D0	Early
Otu096	10	F3D1	Early
Otu096	2	F3D145	Late
Otu096	3	F3D148	Late
Otu096	2	F3D149	Late
Otu096	3	F3D150	Late
Otu096	34	F3D2	Early
Otu096	2	F3D3	Early
Otu096	2	F3D5	Early
Otu096	2	F3D6	Early
Otu096	2	F3D8	Early
Otu096	2	F3D9	Early
Otu097	5	F3D0	Early
Otu097	20	F3D1	Early
Otu097	6	F3D141	Late
Otu097	1	F3D143	Late
Otu097	1	F3D144	Late
Otu097	1	F3D145	Late
Otu097	3	F3D146	Late
Otu097	2	F3D148	Late
Otu097	16	F3D149	Late
Otu097	5	F3D150	Late
Otu097	16	F3D2	Early
Otu097	2	F3D3	Early
Otu097	2	F3D5	Early
Otu097	3	F3D6	Early
Otu097	2	F3D7	Early
Otu097	7	F3D8	Early
Otu097	2	F3D9	Early
Otu098	1	F3D0	Early
Otu098	1	F3D141	Late
Otu098	1	F3D143	Late
Otu098	2	F3D144	Late
Otu098	2	F3D145	Late
Otu098	4	F3D146	Late
Otu098	9	F3D147	Late
Otu098	23	F3D148	Late
Otu098	34	F3D149	Late
Otu098	7	F3D150	Late
Otu098	1	F3D5	Early
Otu098	1	F3D6	Early
Otu098	2	F3D8	Early
Otu098	4	F3D9	Early
Otu099	9	F3D141	Late
Otu099	2	F3D143	Late
Otu099	1	F3D145	Late
Otu099	10	F3D146	Late
Otu099	7	F3D147	Late
Otu099	9	F3D148	Late
Otu099	29	F3D149	Late
Otu099	17	F3D150	Late
Otu099	1	F3D6	Early
Otu099	2	F3D8	Early
Otu099	2	F3D9	Early
Otu100	3	F3D141	Late
Otu100	6	F3D142	Late
Otu100	2	F3D143	Late
Otu100	8	F3D144	Late
Otu100	14	F3D145	Late
Otu100	10	F3D146	Late
Otu100	9	F3D147	Late
Otu100	8	F3D148	Late
Otu100	4	F3D149	Late
Otu100	6	F3D150	Late
Otu100	2	F3D7	Early
Otu100	10	F3D8	Early
Otu100	5	F3D9	Early
Otu101	14	F3D0	Early
Otu101	5	F3D1	Early
Otu101	3	F3D141	Late
Otu101	1	F3D143	Late
Otu101	2	F3D144	Late
Otu101	1	F3D145	Late
Otu101	10	F3D146	Late
Otu101	6	F3D147	Late
Otu101	5	F3D148	Late
Otu101	3	F3D149	Late
Otu101	4	F3D150	Late
Otu101	9	F3D2	Early
Otu101	1	F3D3	Early
Otu101	7	F3D5	Early
Otu101	2	F3D6	Early
Otu101	1	F3D7	Early
Otu101	3	F3D8	Early
Otu101	7	F3D9	Early
Otu102	1	F3D0	Early
Otu102	5	F3D1	Early
Otu102	3	F3D141	Late
Otu102	3	F3D143	Late
Otu102	1	F3D144	Late
Otu102	1	F3D145	Late
Otu102	2	F3D146	Late
Otu102	3	F3D147	Late
Otu102	8	F3D148	Late
Otu102	13	F3D149	Late
Otu102	4	F3D150	Late
Otu102	17	F3D2	Early
Otu102	3	F3D3	Early
Otu102	4	F3D5	Early
Otu102	3	F3D6	Early
Otu102	1	F3D7	Early
Otu102	4	F3D8	Early
Otu102	8	F3D9	Early
Otu103	5	F3D0	Early
Otu103	11	F3D1	Early
Otu103	1	F3D142	Late
Otu103	2	F3D143	Late
Otu103	1	F3D144	Late
Otu103	2	F3D145	Late
Otu103	2	F3D146	Late
Otu103	4	F3D147	Late
Otu103	4	F3D148	Late
Otu103	5	F3D149	Late
Otu103	5	F3D150	Late
Otu103	5	F3D2	Early
Otu103	3	F3D5	Early
Otu103	14	F3D6	Early
Otu103	3	F3D8	Early
Otu103	16	F3D9	Early
Otu104	65	F3D0	Early
Otu104	3	F3D1	Early
Otu104	13	F3D2	Early
Otu104	1	F3D3	Early
Otu105	9	F3D0	Early
Otu105	3	F3D141	Late
Otu105	6	F3D142	Late
Otu105	4	F3D143	Late
Otu105	6	F3D145	Late
Otu105	16	F3D146	Late
Otu105	11	F3D147	Late
Otu105	11	F3D148	Late
Otu105	8	F3D149	Late
Otu105	4	F3D150	Late
Otu105	3	F3D2	Early
Otu106	1	F3D0	Early
Otu106	5	F3D141	Late
Otu106	1	F3D142	Late
Otu106	3	F3D143	Late
Otu106	3	F3D144	Late
Otu106	3	F3D145	Late
Otu106	3	F3D146	Late
Otu106	9	F3D148	Late
Otu106	14	F3D149	Late
Otu106	2	F3D150	Late
Otu106	2	F3D2	Early
Otu106	2	F3D5	Early
Otu106	3	F3D6	Early
Otu106	4	F3D7	Early
Otu106	8	F3D8	Early
Otu106	14	F3D9	Early
Otu107	1	F3D0	Early
Otu107	1	F3D143	Late
Otu107	3	F3D145	Late
Otu107	2	F3D147	Late
Otu107	1	F3D148	Late
Otu107	2	F3D149	Late
Otu107	2	F3D150	Late
Otu107	5	F3D2	Early
Otu107	4	F3D3	Early
Otu107	2	F3D5	Early
Otu107	15	F3D6	Early
Otu107	12	F3D7	Early
Otu107	14	F3D8	Early
Otu107	12	F3D9	Early
Otu108	3	F3D0	Early
Otu108	6	F3D1	Early
Otu108	3	F3D141	Late
Otu108	1	F3D142	Late
Otu108	1	F3D144	Late
Otu108	3	F3D146	Late
Otu108	1	F3D147	Late
Otu108	3	F3D148	Late
Otu108	8	F3D149	Late
Otu108	2	F3D150	Late
Otu108	7	F3D2	Early
Otu108	4	F3D3	Early
Otu108	8	F3D5	Early
Otu108	2	F3D6	Early
Otu108	2	F3D7	Early
Otu108	13	F3D8	Early
Otu108	9	F3D9	Early
Otu109	3	F3D0	Early
Otu109	5	F3D141	Late
Otu109	5	F3D143	Late
Otu109	2	F3D145	Late
Otu109	2	F3D146	Late
Otu109	1	F3D147	Late
Otu109	14	F3D148	Late
Otu109	22	F3D149	Late
Otu109	5	F3D150	Late
Otu109	6	F3D2	Early
Otu109	1	F3D3	Early
Otu109	1	F3D5	Early
Otu109	1	F3D6	Early
Otu109	3	F3D8	Early
Otu109	2	F3D9	Early
Otu110	1	F3D142	Late
Otu110	1	F3D144	Late
Otu110	1	F3D145	Late
Otu110	7	F3D146	Late
Otu110	11	F3D147	Late
Otu110	7	F3D148	Late
Otu110	27	F3D149	Late
Otu110	18	F3D150	Late
Otu111	3	F3D0	Early
Otu111	7	F3D1	Early
Otu111	2	F3D145	Late
Otu111	1	F3D146	Late
Otu111	2	F3D147	Late
Otu111	1	F3D148	Late
Otu111	2	F3D149	Late
Otu111	2	F3D150	Late
Otu111	19	F3D2	Early
Otu111	5	F3D5	Early
Otu111	7	F3D6	Early
Otu111	3	F3D7	Early
Otu111	11	F3D8	Early
Otu111	6	F3D9	Early
Otu112	5	F3D0	Early
Otu112	1	F3D1	Early
Otu112	3	F3D141	Late
Otu112	3	F3D143	Late
Otu112	1	F3D144	Late
Otu112	4	F3D145	Late
Otu112	2	F3D146	Late
Otu112	5	F3D147	Late
Otu112	6	F3D148	Late
Otu112	4	F3D149	Late
Otu112	2	F3D150	Late
Otu112	5	F3D2	Early
Otu112	4	F3D5	Early
Otu112	4	F3D6	Early
Otu112	1	F3D7	Early
Otu112	10	F3D8	Early
Otu112	8	F3D9	Early
Otu113	9	F3D0	Early
Otu113	6	F3D1	Early
Otu113	1	F3D144	Late
Otu113	1	F3D145	Late
Otu113	11	F3D146	Late
Otu113	3	F3D147	Late
Otu113	3	F3D149	Late
Otu113	1	F3D150	Late
Otu113	7	F3D2	Early
Otu113	3	F3D3	Early
Otu113	4	F3D5	Early
Otu113	6	F3D6	Early
Otu113	5	F3D8	Early
Otu113	4	F3D9	Early
Otu114	2	F3D0	Early
Otu114	3	F3D1	Early
Otu114	1	F3D141	Late
Otu114	1	F3D143	Late
Otu114	1	F3D144	Late
Otu114	3	F3D145	Late
Otu114	4	F3D146	Late
Otu114	7	F3D147	Late
Otu114	7	F3D148	Late
Otu114	11	F3D149	Late
Otu114	5	F3D150	Late
Otu114	7	F3D2	Early
Otu114	2	F3D3	Early
Otu114	2	F3D5	Early
Otu114	2	F3D6	Early
Otu114	2	F3D7	Early
Otu114	2	F3D8	Early
Otu115	3	F3D0	Early
Otu115	9	F3D1	Early
Otu115	1	F3D142	Late
Otu115	1	F3D143	Late
Otu115	2	F3D145	Late
Otu115	3	F3D146	Late
Otu115	4	F3D147	Late
Otu115	3	F3D148	Late
Otu115	6	F3D149	Late
Otu115	2	F3D150	Late
Otu115	9	F3D2	Early
Otu115	1	F3D3	Early
Otu115	3	F3D5	Early
Otu115	3	F3D6	Early
Otu115	1	F3D7	Early
Otu115	4	F3D8	Early
Otu115	5	F3D9	Early
Otu116	3	F3D142	Late
Otu116	9	F3D143	Late
Otu116	3	F3D144	Late
Otu116	15	F3D145	Late
Otu116	1	F3D146	Late
Otu116	11	F3D147	Late
Otu116	11	F3D148	Late
Otu116	3	F3D149	Late
Otu116	2	F3D150	Late
Otu117	5	F3D0	Early
Otu117	4	F3D141	Late
Otu117	1	F3D142	Late
Otu117	2	F3D143	Late
Otu117	2	F3D144	Late
Otu117	4	F3D145	Late
Otu117	4	F3D146	Late
Otu117	2	F3D147	Late
Otu117	7	F3D148	Late
Otu117	16	F3D149	Late
Otu117	4	F3D150	Late
Otu117	3	F3D2	Early
Otu117	1	F3D6	Early
Otu117	1	F3D7	Early
Otu117	1	F3D9	Early
Otu118	8	F3D0	Early
Otu118	6	F3D1	Early
Otu118	1	F3D143	Late
Otu118	1	F3D144	Late
Otu118	2	F3D145	Late
Otu118	4	F3D148	Late
Otu118	1	F3D149	Late
Otu118	1	F3D150	Late
Otu118	11	F3D2	Early
Otu118	1	F3D3	Early
Otu118	2	F3D5	Early
Otu118	5	F3D6	Early
Otu118	2	F3D7	Early
Otu118	5	F3D8	Early
Otu118	6	F3D9	Early
Otu119	7	F3D0	Early
Otu119	3	F3D1	Early
Otu119	2	F3D141	Late
Otu119	6	F3D144	Late
Otu119	6	F3D145	Late
Otu119	5	F3D146	Late
Otu119	1	F3D147	Late
Otu119	4	F3D148	Late
Otu119	9	F3D149	Late
Otu119	7	F3D150	Late
Otu119	1	F3D2	Early
Otu119	1	F3D3	Early
Otu119	1	F3D6	Early
Otu119	1	F3D9	Early
Otu120	13	F3D0	Early
Otu120	7	F3D1	Early
Otu120	2	F3D142	Late
Otu120	5	F3D144	Late
Otu120	1	F3D145	Late
Otu120	4	F3D146	Late
Otu120	2	F3D148	Late
Otu120	2	F3D149	Late
Otu120	1	F3D150	Late
Otu120	3	F3D2	Early
Otu120	1	F3D5	Early
Otu120	5	F3D6	Early
Otu120	5	F3D8	Early
Otu120	3	F3D9	Early
Otu121	5	F3D1	Early
Otu121	2	F3D141	Late
Otu121	2	F3D144	Late
Otu121	1	F3D145	Late
Otu121	4	F3D146	Late
Otu121	1	F3D147	Late
Otu121	4	F3D148	Late
Otu121	2	F3D149	Late
Otu121	1	F3D150	Late
Otu121	8	F3D2	Early
Otu121	1	F3D3	Early
Otu121	7	F3D5	Early
Otu121	5	F3D6	Early
Otu121	2	F3D7	Early
Otu121	3	F3D8	Early
Otu121	4	F3D9	Early
Otu122	1	F3D0	Early
Otu122	3	F3D141	Late
Otu122	4	F3D142	Late
Otu122	2	F3D143	Late
Otu122	4	F3D145	Late
Otu122	2	F3D146	Late
Otu122	6	F3D147	Late
Otu122	13	F3D148	Late
Otu122	9	F3D149	Late
Otu122	1	F3D150	Late
Otu122	4	F3D6	Early
Otu122	1	F3D9	Early
Otu123	13	F3D0	Early
Otu123	5	F3D1	Early
Otu123	1	F3D141	Late
Otu123	2	F3D144	Late
Otu123	3	F3D147	Late
Otu123	3	F3D148	Late
Otu123	3	F3D149	Late
Otu123	2	F3D150	Late
Otu123	6	F3D2	Early
Otu123	1	F3D5	Early
Otu123	1	F3D6	Early
Otu123	2	F3D7	Early
Otu123	2	F3D8	Early
Otu123	5	F3D9	Early
Otu124	4	F3D0	Early
Otu124	2	F3D1	Early
Otu124	1	F3D141	Late
Otu124	1	F3D142	Late
Otu124	2	F3D144	Late
Otu124	1	F3D145	Late
Otu124	1	F3D146	Late
Otu124	6	F3D147	Late
Otu124	5	F3D148	Late
Otu124	3	F3D149	Late
Otu124	2	F3D150	Late
Otu124	7	F3D2	Early
Otu124	1	F3D5	Early
Otu124	2	F3D6	Early
Otu124	1	F3D7	Early
Otu124	3	F3D8	Early
Otu124	7	F3D9	Early
Otu125	3	F3D0	Early
Otu125	4	F3D145	Late
Otu125	5	F3D146	Late
Otu125	6	F3D147	Late
Otu125	1	F3D149	Late
Otu125	5	F3D2	Early
Otu125	2	F3D3	Early
Otu125	2	F3D5	Early
Otu125	7	F3D6	Early
Otu125	1	F3D7	Early
Otu125	2	F3D8	Early
Otu125	9	F3D9	Early
Otu126	3	F3D141	Late
Otu126	1	F3D143	Late
Otu126	1	F3D144	Late
Otu126	3	F3D145	Late
Otu126	4	F3D146	Late
Otu126	5	F3D147	Late
Otu126	3	F3D148	Late
Otu126	7	F3D149	Late
Otu126	2	F3D150	Late
Otu126	1	F3D2	Early
Otu126	3	F3D5	Early
Otu126	2	F3D6	Early
Otu126	5	F3D8	Early
Otu126	7	F3D9	Early
Otu127	4	F3D0	Early
Otu127	3	F3D1	Early
Otu127	2	F3D146	Late
Otu127	2	F3D148	Late
Otu127	20	F3D2	Early
Otu127	1	F3D5	Early
Otu127	3	F3D6	Early
Otu127	2	F3D7	Early
Otu127	1	F3D8	Early
Otu127	7	F3D9	Early
Otu128	2	F3D1	Early
Otu128	2	F3D141	Late
Otu128	1	F3D142	Late
Otu128	1	F3D144	Late
Otu128	3	F3D145	Late
Otu128	2	F3D146	Late
Otu128	4	F3D147	Late
Otu128	7	F3D148	Late
Otu128	8	F3D149	Late
Otu128	6	F3D150	Late
Otu128	4	F3D2	Early
Otu128	1	F3D5	Early
Otu128	1	F3D6	Early
Otu128	2	F3D8	Early
Otu128	1	F3D9	Early
Otu129	5	F3D0	Early
Otu129	1	F3D141	Late
Otu129	3	F3D142	Late
Otu129	1	F3D143	Late
Otu129	3	F3D144	Late
Otu129	4	F3D145	Late
Otu129	2	F3D147	Late
Otu129	3	F3D148	Late
Otu129	6	F3D149	Late
Otu129	5	F3D150	Late
Otu129	5	F3D2	Early
Otu129	2	F3D6	Early
Otu129	3	F3D8	Early
Otu129	1	F3D9	Early
Otu130	1	F3D0	Early
Otu130	3	F3D1	Early
Otu130	1	F3D148	Late
Otu130	6	F3D2	Early
Otu130	8	F3D5	Early
Otu130	7	F3D6	Early
Otu130	2	F3D8	Early
Otu130	15	F3D9	Early
Otu131	3	F3D1	Early
Otu131	2	F3D141	Late
Otu131	1	F3D143	Late
Otu131	1	F3D145	Late
Otu131	2	F3D146	Late
Otu131	6	F3D147	Late
Otu131	2	F3D148	Late
Otu131	3	F3D149	Late
Otu131	2	F3D150	Late
Otu131	6	F3D2	Early
Otu131	2	F3D3	Early
Otu131	1	F3D5	Early
Otu131	2	F3D6	Early
Otu131	2	F3D7	Early
Otu131	4	F3D8	Early
Otu131	4	F3D9	Early
Otu132	3	F3D0	Early
Otu132	3	F3D1	Early
Otu132	1	F3D144	Late
Otu132	2	F3D146	Late
Otu132	6	F3D147	Late
Otu132	7	F3D149	Late
Otu132	6	F3D150	Late
Otu132	5	F3D2	Early
Otu132	1	F3D3	Early
Otu132	2	F3D5	Early
Otu132	2	F3D6	Early
Otu132	1	F3D7	Early
Otu132	4	F3D9	Early
Otu133	1	F3D1	Early
Otu133	1	F3D145	Late
Otu133	4	F3D147	Late
Otu133	1	F3D148	Late
Otu133	3	F3D149	Late
Otu133	1	F3D150	Late
Otu133	12	F3D2	Early
Otu133	2	F3D3	Early
Otu133	3	F3D5	Early
Otu133	3	F3D6	Early
Otu133	5	F3D8	Early
Otu133	6	F3D9	Early
Otu134	2	F3D141	Late
Otu134	2	F3D142	Late
Otu134	3	F3D143	Late
Otu134	2	F3D145	Late
Otu134	4	F3D146	Late
Otu134	10	F3D147	Late
Otu134	5	F3D148	Late
Otu134	5	F3D149	Late
Otu134	2	F3D150	Late
Otu134	1	F3D2	Early
Otu134	3	F3D8	Early
Otu134	2	F3D9	Early
Otu135	1	F3D141	Late
Otu135	1	F3D142	Late
Otu135	1	F3D144	Late
Otu135	3	F3D145	Late
Otu135	8	F3D147	Late
Otu135	2	F3D148	Late
Otu135	6	F3D149	Late
Otu135	2	F3D150	Late
Otu135	9	F3D3	Early
Otu135	3	F3D5	Early
Otu135	2	F3D6	Early
Otu135	1	F3D9	Early
Otu136	1	F3D0	Early
Otu136	3	F3D1	Early
Otu136	1	F3D141	Late
Otu136	1	F3D142	Late
Otu136	1	F3D146	Late
Otu136	1	F3D147	Late
Otu136	1	F3D148	Late
Otu136	1	F3D149	Late
Otu136	1	F3D150	Late
Otu136	5	F3D2	Early
Otu136	1	F3D5	Early
Otu136	2	F3D6	Early
Otu136	2	F3D7	Early
Otu136	3	F3D8	Early
Otu136	14	F3D9	Early
Otu137	5	F3D0	Early
Otu137	2	F3D141	Late
Otu137	2	F3D142	Late
Otu137	1	F3D144	Late
Otu137	1	F3D146	Late
Otu137	3	F3D147	Late
Otu137	7	F3D148	Late
Otu137	3	F3D149	Late
Otu137	1	F3D150	Late
Otu137	2	F3D2	Early
Otu137	5	F3D3	Early
Otu137	1	F3D5	Early
Otu137	1	F3D6	Early
Otu137	1	F3D7	Early
Otu137	2	F3D8	Early
Otu137	1	F3D9	Early
Otu138	2	F3D0	Early
Otu138	1	F3D141	Late
Otu138	1	F3D142	Late
Otu138	3	F3D144	Late
Otu138	5	F3D145	Late
Otu138	2	F3D146	Late
Otu138	7	F3D147	Late
Otu138	5	F3D148	Late
Otu138	1	F3D149	Late
Otu138	4	F3D2	Early
Otu138	2	F3D3	Early
Otu138	1	F3D5	Early
Otu138	2	F3D7	Early
Otu138	1	F3D9	Early
Otu139	4	F3D1	Early
Otu139	1	F3D142	Late
Otu139	1	F3D144	Late
Otu139	2	F3D146	Late
Otu139	2	F3D147	Late
Otu139	1	F3D149	Late
Otu139	10	F3D2	Early
Otu139	2	F3D3	Early
Otu139	4	F3D6	Early
Otu139	1	F3D7	Early
Otu139	4	F3D8	Early
Otu139	4	F3D9	Early
Otu140	1	F3D141	Late
Otu140	1	F3D143	Late
Otu140	2	F3D145	Late
Otu140	12	F3D147	Late
Otu140	10	F3D148	Late
Otu140	3	F3D149	Late
Otu140	1	F3D150	Late
Otu140	2	F3D5	Early
Otu140	4	F3D7	Early
Otu141	1	F3D0	Early
Otu141	1	F3D142	Late
Otu141	1	F3D144	Late
Otu141	2	F3D145	Late
Otu141	3	F3D146	Late
Otu141	4	F3D147	Late
Otu141	3	F3D148	Late
Otu141	3	F3D150	Late
Otu141	5	F3D2	Early
Otu141	1	F3D3	Early
Otu141	1	F3D5	Early
Otu141	7	F3D6	Early
Otu141	2	F3D7	Early
Otu141	1	F3D9	Early
Otu142	2	F3D141	Late
Otu142	2	F3D143	Late
Otu142	6	F3D144	Late
Otu142	1	F3D145	Late
Otu142	9	F3D146	Late
Otu142	5	F3D148	Late
Otu142	1	F3D149	Late
Otu142	9	F3D150	Late
Otu143	7	F3D0	Early
Otu143	1	F3D146	Late
Otu143	1	F3D147	Late
Otu143	1	F3D148	Late
Otu143	1	F3D149	Late
Otu143	2	F3D2	Early
Otu143	6	F3D6	Early
Otu143	3	F3D7	Early
Otu143	3	F3D8	Early
Otu143	10	F3D9	Early
Otu144	19	F3D0	Early
Otu144	1	F3D141	Late
Otu144	8	F3D148	Late
Otu144	4	F3D149	Late
Otu144	2	F3D150	Late
Otu144	1	F3D2	Early
Otu145	3	F3D0	Early
Otu145	2	F3D1	Early
Otu145	1	F3D145	Late
Otu145	1	F3D146	Late
Otu145	4	F3D147	Late
Otu145	1	F3D149	Late
Otu145	1	F3D150	Late
Otu145	6	F3D2	Early
Otu145	1	F3D3	Early
Otu145	4	F3D5	Early
Otu145	3	F3D6	Early
Otu145	2	F3D7	Early
Otu145	3	F3D8	Early
Otu145	1	F3D9	Early
Otu146	5	F3D0	Early
Otu146	3	F3D141	Late
Otu146	2	F3D143	Late
Otu146	1	F3D144	Late
Otu146	1	F3D145	Late
Otu146	2	F3D146	Late
Otu146	2	F3D147	Late
Otu146	4	F3D148	Late
Otu146	6	F3D149	Late
Otu146	1	F3D150	Late
Otu146	1	F3D2	Early
Otu146	1	F3D6	Early
Otu146	1	F3D8	Early
Otu146	1	F3D9	Early
Otu147	1	F3D0	Early
Otu147	1	F3D1	Early
Otu147	1	F3D142	Late
Otu147	1	F3D145	Late
Otu147	4	F3D146	Late
Otu147	2	F3D147	Late
Otu147	3	F3D148	Late
Otu147	1	F3D149	Late
Otu147	1	F3D150	Late
Otu147	4	F3D2	Early
Otu147	1	F3D3	Early
Otu147	2	F3D5	Early
Otu147	1	F3D6	Early
Otu147	5	F3D8	Early
Otu147	3	F3D9	Early
Otu148	4	F3D0	Early
Otu148	8	F3D1	Early
Otu148	1	F3D142	Late
Otu148	3	F3D2	Early
Otu148	1	F3D5	Early
Otu148	2	F3D6	Early
Otu148	6	F3D8	Early
Otu148	5	F3D9	Early
Otu149	6	F3D141	Late
Otu149	1	F3D143	Late
Otu149	1	F3D144	Late
Otu149	3	F3D145	Late
Otu149	2	F3D147	Late
Otu149	2	F3D148	Late
Otu149	9	F3D149	Late
Otu149	1	F3D2	Early
Otu149	1	F3D6	Early
Otu149	2	F3D9	Early
Otu150	5	F3D0	Early
Otu150	1	F3D142	Late
Otu150	1	F3D143	Late
Otu150	2	F3D144	Late
Otu150	6	F3D145	Late
Otu150	3	F3D146	Late
Otu150	2	F3D147	Late
Otu150	4	F3D148	Late
Otu150	1	F3D150	Late
Otu150	1	F3D8	Early
Otu150	1	F3D9	Early
Otu151	5	F3D0	Early
Otu151	6	F3D1	Early
Otu151	1	F3D145	Late
Otu151	1	F3D148	Late
Otu151	3	F3D2	Early
Otu151	4	F3D3	Early
Otu151	2	F3D6	Early
Otu151	1	F3D7	Early
Otu151	2	F3D8	Early
Otu151	1	F3D9	Early
Otu152	1	F3D141	Late
Otu152	1	F3D142	Late
Otu152	3	F3D143	Late
Otu152	3	F3D144	Late
Otu152	4	F3D145	Late
Otu152	2	F3D146	Late
Otu152	4	F3D147	Late
Otu152	3	F3D148	Late
Otu152	3	F3D149	Late
Otu152	1	F3D150	Late
Otu153	5	F3D1	Early
Otu153	1	F3D141	Late
Otu153	1	F3D143	Late
Otu153	5	F3D146	Late
Otu153	2	F3D147	Late
Otu153	1	F3D148	Late
Otu153	1	F3D149	Late
Otu153	1	F3D150	Late
Otu153	4	F3D2	Early
Otu153	1	F3D3	Early
Otu153	2	F3D5	Early
Otu153	1	F3D6	Early
Otu154	3	F3D0	Early
Otu154	3	F3D1	Early
Otu154	1	F3D141	Late
Otu154	1	F3D144	Late
Otu154	2	F3D145	Late
Otu154	2	F3D146	Late
Otu154	2	F3D147	Late
Otu154	3	F3D148	Late
Otu154	2	F3D149	Late
Otu154	1	F3D5	Early
Otu154	2	F3D8	Early
Otu154	2	F3D9	Early
Otu155	3	F3D1	Early
Otu155	1	F3D142	Late
Otu155	3	F3D146	Late
Otu155	1	F3D147	Late
Otu155	3	F3D2	Early
Otu155	1	F3D3	Early
Otu155	1	F3D5	Early
Otu155	3	F3D6	Early
Otu155	1	F3D7	Early
Otu155	3	F3D8	Early
Otu155	4	F3D9	Early
Otu156	2	F3D0	Early
Otu156	2	F3D1	Early
Otu156	1	F3D146	Late
Otu156	1	F3D149	Late
Otu156	2	F3D2	Early
Otu156	1	F3D3	Early
Otu156	1	F3D5	Early
Otu156	4	F3D6	Early
Otu156	3	F3D8	Early
Otu156	6	F3D9	Early
Otu157	1	F3D0	Early
Otu157	3	F3D1	Early
Otu157	3	F3D141	Late
Otu157	1	F3D143	Late
Otu157	2	F3D144	Late
Otu157	1	F3D145	Late
Otu157	2	F3D147	Late
Otu157	1	F3D149	Late
Otu157	1	F3D150	Late
Otu157	4	F3D2	Early
Otu157	2	F3D5	Early
Otu157	1	F3D8	Early
Otu157	1	F3D9	Early
Otu158	1	F3D1	Early
Otu158	1	F3D141	Late
Otu158	1	F3D143	Late
Otu158	1	F3D144	Late
Otu158	2	F3D146	Late
Otu158	3	F3D147	Late
Otu158	1	F3D148	Late
Otu158	2	F3D149	Late
Otu158	1	F3D150	Late
Otu158	2	F3D2	Early
Otu158	1	F3D3	Early
Otu158	2	F3D6	Early
Otu158	1	F3D7	Early
Otu158	1	F3D8	Early
Otu158	3	F3D9	Early
Otu159	4	F3D1	Early
Otu159	2	F3D141	Late
Otu159	1	F3D145	Late
Otu159	1	F3D146	Late
Otu159	2	F3D147	Late
Otu159	1	F3D148	Late
Otu159	1	F3D150	Late
Otu159	3	F3D2	Early
Otu159	2	F3D3	Early
Otu159	1	F3D5	Early
Otu159	1	F3D6	Early
Otu159	1	F3D8	Early
Otu159	2	F3D9	Early
Otu160	3	F3D0	Early
Otu160	1	F3D146	Late
Otu160	5	F3D149	Late
Otu160	1	F3D150	Late
Otu160	3	F3D2	Early
Otu160	1	F3D5	Early
Otu160	7	F3D6	Early
Otu160	1	F3D9	Early
Otu161	2	F3D0	Early
Otu161	1	F3D1	Early
Otu161	1	F3D142	Late
Otu161	1	F3D143	Late
Otu161	2	F3D147	Late
Otu161	1	F3D148	Late
Otu161	1	F3D150	Late
Otu161	3	F3D2	Early
Otu161	1	F3D3	Early
Otu161	1	F3D5	Early
Otu161	4	F3D6	Early
Otu161	1	F3D8	Early
Otu161	2	F3D9	Early
Otu162	2	F3D0	Early
Otu162	2	F3D1	Early
Otu162	1	F3D141	Late
Otu162	1	F3D143	Late
Otu162	1	F3D146	Late
Otu162	1	F3D148	Late
Otu162	2	F3D149	Late
Otu162	2	F3D2	Early
Otu162	1	F3D3	Early
Otu162	1	F3D5	Early
Otu162	3	F3D6	Early
Otu162	1	F3D8	Early
Otu162	2	F3D9	Early
Otu163	2	F3D0	Early
Otu163	3	F3D1	Early
Otu163	2	F3D146	Late
Otu163	4	F3D147	Late
Otu163	1	F3D149	Late
Otu163	1	F3D5	Early
Otu163	1	F3D7	Early
Otu163	2	F3D8	Early
Otu163	3	F3D9	Early
Otu164	11	F3D0	Early
Otu164	1	F3D1	Early
Otu164	1	F3D144	Late
Otu164	1	F3D147	Late
Otu164	1	F3D148	Late
Otu164	1	F3D150	Late
Otu164	2	F3D2	Early
Otu164	1	F3D5	Early
Otu165	4	F3D141	Late
Otu165	1	F3D142	Late
Otu165	2	F3D144	Late
Otu165	1	F3D145	Late
Otu165	1	F3D146	Late
Otu165	2	F3D147	Late
Otu165	1	F3D148	Late
Otu165	4	F3D149	Late
Otu165	2	F3D150	Late
Otu166	8	F3D0	Early
Otu166	2	F3D149	Late
Otu166	1	F3D150	Late
Otu166	3	F3D6	Early
Otu166	1	F3D8	Early
Otu166	3	F3D9	Early
Otu167	2	F3D145	Late
Otu167	3	F3D3	Early
Otu167	4	F3D5	Early
Otu167	6	F3D6	Early
Otu167	1	F3D7	Early
Otu167	2	F3D9	Early
Otu168	10	F3D0	Early
Otu168	7	F3D2	Early
Otu169	1	F3D0	Early
Otu169	1	F3D143	Late
Otu169	2	F3D144	Late
Otu169	1	F3D145	Late
Otu169	3	F3D147	Late
Otu169	6	F3D148	Late
Otu169	1	F3D150	Late
Otu169	1	F3D6	Early
Otu169	1	F3D9	Early
Otu170	1	F3D0	Early
Otu170	4	F3D1	Early
Otu170	1	F3D141	Late
Otu170	1	F3D144	Late
Otu170	2	F3D145	Late
Otu170	2	F3D148	Late
Otu170	1	F3D150	Late
Otu170	2	F3D2	Early
Otu170	1	F3D5	Early
Otu170	1	F3D6	Early
Otu170	1	F3D9	Early
Otu171	1	F3D141	Late
Otu171	3	F3D145	Late
Otu171	1	F3D147	Late
Otu171	3	F3D148	Late
Otu171	5	F3D149	Late
Otu171	1	F3D150	Late
Otu171	2	F3D9	Early
Otu172	3	F3D0	Early
Otu172	1	F3D142	Late
Otu172	1	F3D145	Late
Otu172	1	F3D146	Late
Otu172	2	F3D147	Late
Otu172	1	F3D150	Late
Otu172	2	F3D2	Early
Otu172	1	F3D3	Early
Otu172	2	F3D5	Early
Otu172	2	F3D9	Early
Otu173	4	F3D142	Late
Otu173	1	F3D143	Late
Otu173	1	F3D144	Late
Otu173	3	F3D147	Late
Otu173	5	F3D148	Late
Otu173	2	F3D149	Late
Otu174	1	F3D0	Early
Otu174	1	F3D141	Late
Otu174	2	F3D142	Late
Otu174	1	F3D146	Late
Otu174	4	F3D147	Late
Otu174	2	F3D148	Late
Otu174	1	F3D3	Early
Otu174	1	F3D7	Early
Otu174	2	F3D8	Early
Otu174	1	F3D9	Early
Otu175	1	F3D0	Early
Otu175	2	F3D141	Late
Otu175	2	F3D145	Late
Otu175	1	F3D147	Late
Otu175	1	F3D149	Late
Otu175	1	F3D150	Late
Otu175	3	F3D2	Early
Otu175	4	F3D5	Early
Otu175	1	F3D6	Early
Otu176	2	F3D0	Early
Otu176	1	F3D1	Early
Otu176	1	F3D141	Late
Otu176	1	F3D142	Late
Otu176	1	F3D145	Late
Otu176	1	F3D146	Late
Otu176	1	F3D147	Late
Otu176	1	F3D148	Late
Otu176	3	F3D149	Late
Otu176	2	F3D2	Early
Otu176	1	F3D3	Early
Otu177	7	F3D147	Late
Otu177	4	F3D148	Late
Otu177	3	F3D149	Late
Otu177	1	F3D150	Late
Otu178	4	F3D0	Early
Otu178	2	F3D141	Late
Otu178	2	F3D143	Late
Otu178	1	F3D144	Late
Otu178	4	F3D146	Late
Otu178	2	F3D8	Early
Otu179	2	F3D143	Late
Otu179	1	F3D144	Late
Otu179	7	F3D147	Late
Otu179	2	F3D148	Late
Otu179	2	F3D149	Late
Otu180	2	F3D144	Late
Otu180	3	F3D147	Late
Otu180	1	F3D148	Late
Otu180	1	F3D149	Late
Otu180	1	F3D150	Late
Otu180	3	F3D2	Early
Otu180	1	F3D3	Early
Otu180	1	F3D5	Early
Otu180	1	F3D9	Early
Otu181	1	F3D141	Late
Otu181	1	F3D144	Late
Otu181	1	F3D147	Late
Otu181	9	F3D149	Late
Otu181	2	F3D150	Late
Otu182	5	F3D0	Early
Otu182	1	F3D147	Late
Otu182	1	F3D5	Early
Otu182	4	F3D7	Early
Otu182	1	F3D8	Early
Otu182	2	F3D9	Early
Otu183	2	F3D0	Early
Otu183	1	F3D141	Late
Otu183	2	F3D142	Late
Otu183	1	F3D146	Late
Otu183	1	F3D147	Late
Otu183	1	F3D149	Late
Otu183	1	F3D150	Late
Otu183	1	F3D2	Early
Otu183	1	F3D6	Early
Otu183	1	F3D8	Early
Otu183	1	F3D9	Early
Otu184	1	F3D143	Late
Otu184	1	F3D144	Late
Otu184	2	F3D147	Late
Otu184	6	F3D2	Early
Otu184	1	F3D3	Early
Otu184	1	F3D6	Early
Otu184	1	F3D8	Early
Otu185	2	F3D141	Late
Otu185	1	F3D142	Late
Otu185	1	F3D143	Late
Otu185	1	F3D145	Late
Otu185	1	F3D146	Late
Otu185	1	F3D148	Late
Otu185	5	F3D149	Late
Otu185	1	F3D150	Late
Otu186	2	F3D0	Early
Otu186	1	F3D143	Late
Otu186	2	F3D147	Late
Otu186	1	F3D148	Late
Otu186	2	F3D149	Late
Otu186	2	F3D150	Late
Otu186	2	F3D3	Early
Otu186	1	F3D9	Early
Otu187	1	F3D0	Early
Otu187	1	F3D142	Late
Otu187	1	F3D143	Late
Otu187	1	F3D144	Late
Otu187	1	F3D145	Late
Otu187	3	F3D147	Late
Otu187	1	F3D148	Late
Otu187	1	F3D5	Early
Otu187	1	F3D7	Early
Otu187	1	F3D8	Early
Otu188	1	F3D0	Early
Otu188	1	F3D146	Late
Otu188	2	F3D147	Late
Otu188	1	F3D148	Late
Otu188	4	F3D149	Late
Otu188	1	F3D150	Late
Otu188	2	F3D8	Early
Otu189	2	F3D141	Late
Otu189	1	F3D142	Late
Otu189	1	F3D143	Late
Otu189	1	F3D146	Late
Otu189	1	F3D149	Late
Otu189	1	F3D3	Early
Otu189	1	F3D6	Early
Otu189	1	F3D7	Early
Otu189	3	F3D9	Early
Otu190	1	F3D0	Early
Otu190	1	F3D141	Late
Otu190	3	F3D142	Late
Otu190	3	F3D147	Late
Otu190	2	F3D2	Early
Otu190	1	F3D8	Early
Otu190	1	F3D9	Early
Otu191	1	F3D144	Late
Otu191	2	F3D147	Late
Otu191	2	F3D148	Late
Otu191	1	F3D149	Late
Otu191	4	F3D150	Late
Otu191	1	F3D7	Early
Otu191	1	F3D8	Early
Otu192	2	F3D143	Late
Otu192	1	F3D144	Late
Otu192	3	F3D145	Late
Otu192	2	F3D147	Late
Otu192	3	F3D148	Late
Otu192	1	F3D149	Late
Otu193	1	F3D144	Late
Otu193	1	F3D147	Late
Otu193	2	F3D149	Late
Otu193	2	F3D6	Early
Otu193	3	F3D8	Early
Otu193	2	F3D9	Early
Otu194	1	F3D143	Late
Otu194	1	F3D144	Late
Otu194	1	F3D145	Late
Otu194	2	F3D147	Late
Otu194	1	F3D148	Late
Otu194	1	F3D2	Early
Otu194	2	F3D6	Early
Otu194	2	F3D7	Early
Otu195	2	F3D144	Late
Otu195	2	F3D145	Late
Otu195	2	F3D146	Late
Otu195	5	F3D147	Late
Otu196	1	F3D0	Early
Otu196	1	F3D1	Early
Otu196	2	F3D147	Late
Otu196	3	F3D149	Late
Otu196	2	F3D150	Late
Otu196	2	F3D2	Early
Otu197	1	F3D0	Early
Otu197	1	F3D141	Late
Otu197	1	F3D144	Late
Otu197	2	F3D147	Late
Otu197	1	F3D148	Late
Otu197	1	F3D149	Late
Otu197	3	F3D150	Late
Otu197	1	F3D6	Early
Otu198	2	F3D141	Late
Otu198	8	F3D144	Late
Otu198	1	F3D150	Late
Otu199	1	F3D141	Late
Otu199	1	F3D147	Late
Otu199	4	F3D2	Early
Otu199	1	F3D7	Early
Otu199	1	F3D8	Early
Otu199	2	F3D9	Early
Otu200	3	F3D8	Early
Otu200	7	F3D9	Early
Otu201	2	F3D1	Early
Otu201	3	F3D2	Early
Otu201	2	F3D3	Early
Otu201	1	F3D5	Early
Otu201	1	F3D7	Early
Otu201	1	F3D8	Early
Otu202	3	F3D0	Early
Otu202	1	F3D1	Early
Otu202	1	F3D145	Late
Otu202	1	F3D147	Late
Otu202	1	F3D150	Late
Otu202	2	F3D2	Early
Otu203	1	F3D0	Early
Otu203	1	F3D1	Early
Otu203	1	F3D144	Late
Otu203	1	F3D146	Late
Otu203	1	F3D149	Late
Otu203	2	F3D2	Early
Otu203	1	F3D3	Early
Otu203	1	F3D8	Early
Otu204	4	F3D1	Early
Otu204	1	F3D141	Late
Otu204	3	F3D146	Late
Otu204	1	F3D149	Late
Otu205	1	F3D1	Early
Otu205	1	F3D146	Late
Otu205	1	F3D147	Late
Otu205	1	F3D148	Late
Otu205	1	F3D2	Early
Otu205	1	F3D3	Early
Otu205	2	F3D5	Early
Otu205	1	F3D7	Early
Otu206	3	F3D0	Early
Otu206	3	F3D2	Early
Otu206	1	F3D6	Early
Otu206	1	F3D8	Early
Otu206	1	F3D9	Early
Otu207	4	F3D0	Early
Otu207	1	F3D1	Early
Otu207	1	F3D147	Late
Otu207	1	F3D148	Late
Otu207	2	F3D2	Early
Otu208	3	F3D0	Early
Otu208	1	F3D141	Late
Otu208	1	F3D145	Late
Otu208	1	F3D149	Late
Otu208	2	F3D2	Early
Otu208	1	F3D6	Early
Otu209	1	F3D141	Late
Otu209	1	F3D142	Late
Otu209	1	F3D145	Late
Otu209	2	F3D147	Late
Otu209	1	F3D148	Late
Otu209	2	F3D149	Late
Otu209	1	F3D2	Early
Otu210	1	F3D141	Late
Otu210	2	F3D143	Late
Otu210	1	F3D144	Late
Otu210	5	F3D145	Late
Otu211	4	F3D0	Early
Otu211	1	F3D1	Early
Otu211	2	F3D2	Early
Otu211	2	F3D9	Early
Otu212	2	F3D141	Late
Otu212	1	F3D144	Late
Otu212	4	F3D147	Late
Otu212	1	F3D148	Late
Otu213	1	F3D142	Late
Otu213	1	F3D145	Late
Otu213	1	F3D147	Late
Otu213	2	F3D148	Late
Otu213	2	F3D3	Early
Otu213	1	F3D6	Early
Otu214	1	F3D142	Late
Otu214	1	F3D150	Late
Otu214	3	F3D3	Early
Otu214	3	F3D7	Early
Otu215	1	F3D0	Early
Otu215	2	F3D1	Early
Otu215	1	F3D143	Late
Otu215	3	F3D2	Early
Otu215	1	F3D6	Early
Otu216	2	F3D0	Early
Otu216	3	F3D2	Early
Otu216	1	F3D3	Early
Otu216	2	F3D9	Early
Otu217	5	F3D2	Early
Otu217	2	F3D5	Early
Otu217	1	F3D8	Early
Otu218	2	F3D142	Late
Otu218	1	F3D147	Late
Otu218	4	F3D148	Late
Otu218	1	F3D149	Late
Otu219	1	F3D141	Late
Otu219	5	F3D147	Late
Otu219	1	F3D148	Late
Otu220	3	F3D0	Early
Otu220	1	F3D146	Late
Otu220	1	F3D147	Late
Otu220	2	F3D8	Early
Otu221	1	F3D149	Late
Otu221	4	F3D2	Early
Otu221	1	F3D7	Early
Otu221	1	F3D8	Early
Otu222	5	F3D0	Early
Otu222	1	F3D142	Late
Otu222	1	F3D7	Early
Otu223	1	F3D141	Late
Otu223	1	F3D144	Late
Otu223	2	F3D145	Late
Otu223	1	F3D146	Late
Otu223	1	F3D149	Late
Otu223	1	F3D2	Early
Otu224	1	F3D0	Early
Otu224	1	F3D143	Late
Otu224	2	F3D149	Late
Otu224	1	F3D2	Early
Otu224	1	F3D6	Early
Otu224	1	F3D9	Early
Otu225	1	F3D0	Early
Otu225	1	F3D1	Early
Otu225	2	F3D147	Late
Otu225	3	F3D149	Late
Otu226	1	F3D144	Late
Otu226	1	F3D145	Late
Otu226	1	F3D146	Late
Otu226	1	F3D147	Late
Otu226	2	F3D148	Late
Otu226	1	F3D150	Late
Otu227	2	F3D0	Early
Otu227	2	F3D142	Late
Otu227	1	F3D146	Late
Otu227	1	F3D5	Early
Otu227	1	F3D8	Early
Otu228	2	F3D147	Late
Otu228	1	F3D150	Late
Otu228	1	F3D7	Early
Otu228	2	F3D9	Early
Otu229	1	F3D142	Late
Otu229	2	F3D144	Late
Otu229	3	F3D145	Late
Otu230	2	F3D2	Early
Otu230	1	F3D5	Early
Otu230	1	F3D6	Early
Otu230	2	F3D8	Early
Otu231	1	F3D141	Late
Otu231	1	F3D144	Late
Otu231	2	F3D148	Late
Otu231	1	F3D149	Late
Otu231	1	F3D2	Early
Otu232	1	F3D144	Late
Otu232	3	F3D147	Late
Otu232	1	F3D148	Late
Otu232	1	F3D149	Late
Otu233	1	F3D142	Late
Otu233	1	F3D147	Late
Otu233	1	F3D150	Late
Otu233	1	F3D6	Early
Otu233	2	F3D7	Early
Otu234	1	F3D143	Late
Otu234	1	F3D144	Late
Otu234	1	F3D145	Late
Otu234	2	F3D146	Late
Otu234	1	F3D5	Early
Otu235	2	F3D145	Late
Otu235	2	F3D147	Late
Otu235	1	F3D148	Late
Otu235	1	F3D149	Late
Otu236	5	F3D147	Late
Otu236	1	F3D148	Late
Otu237	2	F3D0	Early
Otu237	1	F3D144	Late
Otu237	1	F3D149	Late
Otu237	2	F3D2	Early
Otu238	1	F3D1	Early
Otu238	2	F3D147	Late
Otu238	1	F3D2	Early
Otu238	2	F3D8	Early
Otu239	1	F3D147	Late
Otu239	1	F3D148	Late
Otu239	2	F3D149	Late
Otu239	1	F3D150	Late
Otu239	1	F3D6	Early
Otu240	1	F3D143	Late
Otu240	2	F3D144	Late
Otu240	1	F3D147	Late
Otu240	1	F3D149	Late
Otu240	1	F3D3	Early
Otu241	1	F3D142	Late
Otu241	1	F3D144	Late
Otu241	4	F3D147	Late
Otu242	1	F3D141	Late
Otu242	1	F3D142	Late
Otu242	1	F3D146	Late
Otu242	1	F3D149	Late
Otu242	1	F3D150	Late
Otu243	1	F3D0	Early
Otu243	1	F3D146	Late
Otu243	1	F3D6	Early
Otu243	1	F3D8	Early
Otu243	1	F3D9	Early
Otu244	1	F3D149	Late
Otu244	1	F3D150	Late
Otu244	3	F3D2	Early
Otu245	1	F3D142	Late
Otu245	1	F3D144	Late
Otu245	1	F3D148	Late
Otu245	2	F3D149	Late
Otu246	1	F3D142	Late
Otu246	1	F3D145	Late
Otu246	2	F3D149	Late
Otu246	1	F3D8	Early
Otu247	1	F3D146	Late
Otu247	1	F3D147	Late
Otu247	1	F3D148	Late
Otu247	1	F3D2	Early
Otu247	1	F3D5	Early
Otu248	1	F3D143	Late
Otu248	1	F3D145	Late
Otu248	1	F3D147	Late
Otu248	1	F3D8	Early
Otu248	1	F3D9	Early
Otu249	1	F3D149	Late
Otu249	3	F3D2	Early
Otu249	1	F3D3	Early
Otu250	1	F3D141	Late
Otu250	1	F3D142	Late
Otu250	1	F3D144	Late
Otu250	1	F3D145	Late
Otu250	1	F3D2	Early
Otu251	3	F3D1	Early
Otu251	1	F3D7	Early
Otu251	1	F3D8	Early
Otu252	1	F3D1	Early
Otu252	1	F3D144	Late
Otu252	1	F3D146	Late
Otu252	1	F3D6	Early
Otu252	1	F3D9	Early
Otu253	1	F3D145	Late
Otu253	1	F3D148	Late
Otu253	1	F3D150	Late
Otu253	1	F3D6	Early
Otu254	1	F3D147	Late
Otu254	1	F3D149	Late
Otu254	1	F3D150	Late
Otu254	1	F3D2	Early
Otu255	1	F3D141	Late
Otu255	1	F3D142	Late
Otu255	2	F3D145	Late
Otu256	2	F3D0	Early
Otu256	1	F3D150	Late
Otu256	1	F3D8	Early
Otu257	1	F3D1	Early
Otu257	1	F3D146	Late
Otu257	1	F3D147	Late
Otu257	1	F3D2	Early
Otu258	1	F3D144	Late
Otu258	3	F3D145	Late
Otu259	1	F3D0	Early
Otu259	1	F3D142	Late
Otu259	1	F3D147	Late
Otu259	1	F3D149	Late
Otu260	1	F3D146	Late
Otu260	2	F3D148	Late
Otu260	1	F3D2	Early
Otu261	1	F3D148	Late
Otu261	2	F3D149	Late
Otu261	1	F3D150	Late
Otu262	1	F3D143	Late
Otu262	1	F3D145	Late
Otu262	2	F3D2	Early
Otu263	4	F3D147	Late
Otu264	2	F3D143	Late
Otu264	2	F3D5	Early
Otu265	2	F3D144	Late
Otu265	1	F3D146	Late
Otu265	1	F3D147	Late
Otu266	2	F3D146	Late
Otu266	1	F3D148	Late
Otu267	1	F3D144	Late
Otu267	1	F3D3	Early
Otu267	1	F3D8	Early
Otu268	2	F3D2	Early
Otu268	1	F3D8	Early
Otu269	1	F3D145	Late
Otu269	1	F3D147	Late
Otu269	1	F3D148	Late
Otu270	1	F3D144	Late
Otu270	1	F3D147	Late
Otu270	1	F3D148	Late
Otu271	1	F3D1	Early
Otu271	2	F3D147	Late
Otu272	1	F3D1	Early
Otu272	1	F3D147	Late
Otu272	1	F3D150	Late
Otu273	1	F3D143	Late
Otu273	1	F3D148	Late
Otu273	1	F3D149	Late
Otu274	1	F3D147	Late
Otu274	2	F3D2	Early
Otu275	1	F3D0	Early
Otu275	2	F3D9	Early
Otu276	2	F3D147	Late
Otu276	1	F3D149	Late
Otu277	1	F3D0	Early
Otu277	1	F3D141	Late
Otu277	1	F3D2	Early
Otu278	1	F3D145	Late
Otu278	1	F3D148	Late
Otu278	1	F3D150	Late
Otu279	1	F3D147	Late
Otu279	2	F3D150	Late
Otu280	1	F3D145	Late
Otu280	2	F3D147	Late
Otu281	3	F3D2	Early
Otu282	1	F3D141	Late
Otu282	1	F3D147	Late
Otu282	1	F3D3	Early
Otu283	1	F3D146	Late
Otu283	2	F3D147	Late
Otu284	2	F3D147	Late
Otu284	1	F3D150	Late
Otu285	1	F3D144	Late
Otu285	1	F3D150	Late
Otu285	1	F3D3	Early
Otu286	2	F3D144	Late
Otu286	1	F3D7	Early
Otu287	1	F3D0	Early
Otu287	2	F3D149	Late
Otu288	1	F3D142	Late
Otu288	1	F3D144	Late
Otu288	1	F3D145	Late
Otu289	1	F3D1	Early
Otu289	1	F3D145	Late
Otu289	1	F3D147	Late
Otu290	1	F3D0	Early
Otu290	1	F3D147	Late
Otu290	1	F3D8	Early
Otu291	2	F3D145	Late
Otu291	1	F3D2	Early
Otu292	1	F3D147	Late
Otu292	1	F3D148	Late
Otu292	1	F3D2	Early
Otu293	1	F3D143	Late
Otu293	1	F3D148	Late
Otu293	1	F3D149	Late
Otu294	2	F3D1	Early
Otu294	1	F3D9	Early
Otu295	1	F3D150	Late
Otu295	1	F3D2	Early
Otu296	1	F3D147	Late
Otu296	1	F3D8	Early
Otu297	1	F3D1	Early
Otu297	1	F3D141	Late
Otu298	1	F3D141	Late
Otu298	1	F3D147	Late
Otu299	1	F3D145	Late
Otu299	1	F3D149	Late
Otu300	1	F3D0	Early
Otu300	1	F3D141	Late
Otu301	1	F3D1	Early
Otu301	1	F3D2	Early
Otu302	1	F3D143	Late
Otu302	1	F3D145	Late
Otu303	1	F3D145	Late
Otu303	1	F3D148	Late
Otu304	1	F3D2	Early
Otu304	1	F3D5	Early
Otu305	1	F3D146	Late
Otu305	1	F3D148	Late
Otu306	1	F3D145	Late
Otu306	1	F3D148	Late
Otu307	1	F3D146	Late
Otu307	1	F3D148	Late
Otu308	1	F3D145	Late
Otu308	1	F3D149	Late
Otu309	1	F3D2	Early
Otu309	1	F3D6	Early
Otu310	1	F3D0	Early
Otu310	1	F3D147	Late
Otu311	1	F3D142	Late
Otu311	1	F3D145	Late
Otu312	1	F3D0	Early
Otu312	1	F3D1	Early
Otu313	1	F3D2	Early
Otu313	1	F3D9	Early
Otu314	2	F3D9	Early
Otu315	1	F3D142	Late
Otu315	1	F3D2	Early
Otu316	1	F3D148	Late
Otu316	1	F3D2	Early
Otu317	1	F3D144	Late
Otu317	1	F3D149	Late
Otu318	1	F3D142	Late
Otu318	1	F3D9	Early
Otu319	1	F3D1	Early
Otu319	1	F3D2	Early
Otu320	1	F3D147	Late
Otu320	1	F3D148	Late
Otu321	1	F3D142	Late
Otu321	1	F3D148	Late
Otu322	1	F3D146	Late
Otu322	1	F3D149	Late
Otu323	1	F3D1	Early
Otu323	1	F3D142	Late
Otu324	1	F3D147	Late
Otu324	1	F3D6	Early
Otu325	1	F3D141	Late
Otu325	1	F3D142	Late
Otu326	1	F3D146	Late
Otu326	1	F3D150	Late
Otu327	1	F3D146	Late
Otu328	1	F3D147	Late
Otu329	1	F3D143	Late
Otu330	1	F3D0	Early
Otu331	1	F3D148	Late
Otu332	1	F3D3	Early
Otu333	1	F3D145	Late
Otu334	1	F3D146	Late
Otu335	1	F3D9	Early
Otu336	1	F3D3	Early
Otu337	1	F3D148	Late
Otu338	1	F3D6	Early
Otu339	1	F3D0	Early
Otu340	1	F3D9	Early
Otu341	1	F3D0	Early
Otu342	1	F3D2	Early
Otu343	1	F3D7	Early
Otu344	1	F3D2	Early
Otu345	1	F3D0	Early
Otu346	1	F3D1	Early
Otu347	1	F3D0	Early
Otu348	1	F3D5	Early
Otu349	1	F3D144	Late
Otu350	1	F3D141	Late
Otu351	1	F3D148	Late
Otu352	1	F3D9	Early
Otu353	1	F3D1	Early
Otu354	1	F3D0	Early
Otu355	1	F3D142	Late
Otu356	1	F3D143	Late
Otu357	1	F3D145	Late
Otu358	1	F3D6	Early
Otu359	1	F3D142	Late
Otu360	1	F3D1	Early
Otu361	1	F3D148	Late
Otu362	1	F3D1	Early
Otu363	1	F3D146	Late
Otu364	1	F3D0	Early
Otu365	1	F3D1	Early
Otu366	1	F3D150	Late
Otu367	1	F3D8	Early
Otu368	1	F3D1	Early
Otu369	1	F3D8	Early
Otu370	1	F3D141	Late
Otu371	1	F3D148	Late
Otu372	1	F3D9	Early
Otu373	1	F3D146	Late
Otu374	1	F3D144	Late
Otu375	1	F3D1	Early
Otu376	1	F3D9	Early
Otu377	1	F3D7	Early
Otu378	1	F3D5	Early
Otu379	1	F3D5	Early
Otu380	1	F3D144	Late
Otu381	1	F3D142	Late
Otu382	1	F3D9	Early
Otu383	1	F3D6	Early
Otu384	1	F3D149	Late
Otu385	1	F3D6	Early
Otu386	1	F3D1	Early
Otu387	1	F3D141	Late
Otu388	1	F3D148	Late
Otu389	1	F3D149	Late
Otu390	1	F3D6	Early
Otu391	1	F3D8	Early
Otu392	1	F3D9	Early
Otu393	1	F3D148	Late
Otu394	1	F3D143	Late
Otu395	1	F3D5	Early
Otu396	1	F3D149	Late
Otu397	1	F3D5	Early
Otu398	1	F3D5	Early
Otu399	1	F3D9	Early
Otu400	1	F3D1	Early
Otu401	1	F3D146	Late
Otu402	1	F3D146	Late
Otu403	1	F3D3	Early
Otu404	1	F3D1	Early
Otu405	1	F3D6	Early
Otu406	1	F3D148	Late
Otu407	1	F3D141	Late
Otu408	1	F3D1	Early
Otu409	1	F3D149	Late
Otu410	1	F3D2	Early
Otu411	1	F3D149	Late
Otu412	1	F3D145	Late
Otu413	1	F3D147	Late
Otu414	1	F3D9	Early
Otu415	1	F3D142	Late
Otu416	1	F3D2	Early
Otu417	1	F3D150	Late
Otu418	1	F3D3	Early
Otu419	1	F3D2	Early
Otu420	1	F3D148	Late
Otu421	1	F3D145	Late
Otu422	1	F3D145	Late
Otu423	1	F3D142	Late
Otu424	1	F3D149	Late
Otu425	1	F3D148	Late
Otu426	1	F3D148	Late
Otu427	1	F3D148	Late
Otu428	1	F3D3	Early
Otu429	1	F3D145	Late
Otu430	1	F3D2	Early
Otu431	1	F3D0	Early
Otu432	1	F3D150	Late
Otu433	1	F3D2	Early
Otu434	1	F3D142	Late
Otu435	1	F3D147	Late
Otu436	1	F3D147	Late
Otu437	1	F3D145	Late
Otu438	1	F3D147	Late
Otu439	1	F3D6	Early
Otu440	1	F3D147	Late
Otu441	1	F3D141	Late
Otu442	1	F3D145	Late
Otu443	1	F3D2	Early
Otu444	1	F3D147	Late
Otu445	1	F3D142	Late
Otu446	1	F3D144	Late
Otu447	1	F3D150	Late
Otu448	1	F3D3	Early
Otu449	1	F3D148	Late
Otu450	1	F3D148	Late
Otu451	1	F3D147	Late
Otu452	1	F3D3	Early
Otu453	1	F3D145	Late
Otu454	1	F3D148	Late
Otu455	1	F3D149	Late
Otu456	1	F3D149	Late
Otu457	1	F3D6	Early
Otu458	1	F3D141	Late
Otu459	1	F3D3	Early
Otu460	1	F3D142	Late
Otu461	1	F3D145	Late
Otu462	1	F3D7	Early
Otu463	1	F3D143	Late
Otu464	1	F3D144	Late
Otu465	1	F3D3	Early
Otu466	1	F3D0	Early
Otu467	1	F3D144	Late
Otu468	1	F3D148	Late
Otu469	1	F3D0	Early
Otu470	1	F3D0	Early
Otu471	1	F3D145	Late
Otu472	1	F3D146	Late
Otu473	1	F3D1	Early
Otu474	1	F3D148	Late
Otu475	1	F3D9	Early
Otu476	1	F3D147	Late
Otu477	1	F3D1	Early
Otu478	1	F3D149	Late
Otu479	1	F3D142	Late
Otu480	1	F3D143	Late
Otu481	1	F3D147	Late
Otu482	1	F3D149	Late
Otu483	1	F3D141	Late
Otu484	1	F3D147	Late
Otu485	1	F3D9	Early
Otu486	1	F3D142	Late
Otu487	1	F3D145	Late
Otu488	1	F3D7	Early
Otu489	1	F3D145	Late
Otu490	1	F3D144	Late
Otu491	1	F3D0	Early
Otu492	1	F3D149	Late
Otu493	1	F3D0	Early
Otu494	1	F3D143	Late
Otu495	1	F3D145	Late
Otu496	1	F3D141	Late
Otu497	1	F3D144	Late
Otu498	1	F3D141	Late
Otu499	1	F3D9	Early
Otu500	1	F3D148	Late
Otu501	1	F3D145	Late
Otu502	1	F3D144	Late
Otu503	1	F3D145	Late
Otu504	1	F3D144	Late
Otu505	1	F3D144	Late
Otu506	1	F3D145	Late
Otu507	1	F3D150	Late
Otu508	1	F3D147	Late
Otu509	1	F3D142	Late
Otu510	1	F3D1	Early
Otu511	1	F3D142	Late
Otu512	1	F3D2	Early
Otu513	1	F3D145	Late
Otu514	1	F3D1	Early
Otu515	1	F3D142	Late
Otu516	1	F3D147	Late
Otu517	1	F3D2	Early
Otu518	1	F3D143	Late
Otu519	1	F3D141	Late
Otu520	1	F3D6	Early
Otu521	1	F3D145	Late
Otu522	1	F3D2	Early
Otu523	1	F3D150	Late
Otu524	1	F3D146	Late
Otu525	1	F3D7	Early
Otu526	1	F3D147	Late
Otu527	1	F3D6	Early
Otu528	1	F3D142	Late
Otu529	1	F3D0	Early
Otu530	1	F3D142	Late
Otu531	1	F3D141	Late
